Unnamed: 0,Player,Team,Age,GP,W,L,Min,PTS,FGM,FGA,FG%,3PM,3PA,3P%,FTM,FTA,FT%,OREB,DREB,REB,AST,TOV,STL,BLK,PF,FP,DD2,TD3,+/-,GP RANK,W RANK,L RANK,MIN RANK,PTS RANK,FGM RANK,FGA RANK,FG% RANK,3PM RANK,3PA RANK,3P% RANK,FTM RANK,FTA RANK,FT% RANK,OREB RANK,DREB RANK,REB RANK,AST RANK,TOV RANK,STL RANK,BLK RANK,PF RANK,FP RANK,DD2 RANK,TD3 RANK,+/- RANK,Rookie Season
1,Caron Butler,MIA,23,49,17,32,1804.5,681,241,608,39.6,12,44,27.3,187,228,82.0,103,162,265,130,107,86,17,140,1396,3,0,-128,,,,,,,,,,,,,,,,,,,,,,,,,,,2002-03
2,Amar'e Stoudemire,PHX,20,50,29,21,1562.1,640,220,489,45.0,1,5,20.0,199,295,67.5,169,287,456,42,110,38,45,166,1389,18,0,-27,,,,,,,,,,,,,,,,,,,,,,,,,,,2002-03
3,Yao Ming,HOU,22,48,26,22,1330.1,622,227,429,52.9,0,0,0.0,168,217,77.4,116,273,389,76,94,15,95,136,1439,16,0,18,,,,,,,,,,,,,,,,,,,,,,,,,,,2002-03
4,Drew Gooden,ORL,21,47,13,34,1258.6,586,244,547,44.6,12,41,29.3,86,124,69.4,102,179,281,63,100,37,21,114,1092,5,0,-153,,,,,,,,,,,,,,,,,,,,,,,,,,,2002-03
5,Dajuan Wagner,CLE,20,35,7,28,1081.1,507,182,489,37.2,46,146,31.5,97,126,77.0,17,39,56,99,63,34,5,83,777,1,0,-162,,,,,,,,,,,,,,,,,,,,,,,,,,,2002-03
6,Nene,DEN,20,48,12,36,1351.8,465,179,354,50.6,0,3,0.0,107,186,57.5,127,167,294,94,108,86,36,168,1217,5,0,-136,,,,,,,,,,,,,,,,,,,,,,,,,,,2002-03
7,Jay Williams,CHI,21,42,13,29,1207.7,387,149,399,37.3,36,128,28.1,53,93,57.0,15,107,122,223,105,58,10,116,967,3,1,-232,,,,,,,,,,,,,,,,,,,,,,,,,,,2002-03
8,Casey Jacobsen,PHX,22,48,27,21,838.3,292,96,248,38.7,44,134,32.8,56,84,66.7,20,34,54,49,37,22,6,68,477,0,0,94,,,,,,,,,,,,,,,,,,,,,,,,,,,2002-03
9,Mike Dunleavy,GSW,22,48,21,27,666.7,229,81,206,39.3,28,76,36.8,39,51,76.5,30,65,95,52,45,26,11,65,487,0,0,47,,,,,,,,,,,,,,,,,,,,,,,,,,,2002-03
10,Nikoloz Tskitishvili,DEN,20,48,11,37,672.3,160,60,194,30.9,21,84,25.0,19,30,63.3,34,68,102,43,47,18,16,65,402,0,0,-95,,,,,,,,,,,,,,,,,,,,,,,,,,,2002-03
11,Kareem Rush,LAL,22,42,22,20,481.7,127,54,144,37.5,12,39,30.8,7,10,70.0,13,40,53,42,38,7,6,41,255,0,0,-42,,,,,,,,,,,,,,,,,,,,,,,,,,,2002-03
12,Juan Dixon,WAS,24,16,8,8,210.4,98,36,93,38.7,7,24,29.2,19,22,86.4,4,25,29,15,16,12,1,21,178,0,0,20,,,,,,,,,,,,,,,,,,,,,,,,,,,2002-03
13,Chris Jefferies,TOR,23,32,6,26,340.0,90,35,80,43.8,6,23,26.1,14,20,70.0,11,27,38,9,24,9,9,32,179,0,0,-79,,,,,,,,,,,,,,,,,,,,,,,,,,,2002-03
14,Jared Jeffries,WAS,21,20,7,13,290.3,79,30,63,47.6,3,6,50.0,16,29,55.2,26,32,58,16,21,8,5,28,191,0,0,41,,,,,,,,,,,,,,,,,,,,,,,,,,,2002-03
15,Melvin Ely,LAC,25,22,8,14,257.3,74,23,58,39.7,0,0,0.0,28,36,77.8,19,31,50,1,16,2,6,27,144,0,0,28,,,,,,,,,,,,,,,,,,,,,,,,,,,2002-03
15,Tayshaun Prince,DET,23,24,19,5,225.3,74,27,62,43.5,13,28,46.4,7,11,63.6,3,28,31,10,10,4,10,14,158,0,0,-14,,,,,,,,,,,,,,,,,,,,,,,,,,,2002-03
17,John Salmons,PHI,23,40,20,20,340.1,73,26,73,35.6,7,22,31.8,14,20,70.0,11,29,40,36,22,12,5,39,204,0,0,-11,,,,,,,,,,,,,,,,,,,,,,,,,,,2002-03
18,Marcus Haislip,MIL,22,20,8,12,199.6,71,29,67,43.3,2,6,33.3,11,15,73.3,10,21,31,4,11,2,4,23,121,0,0,-41,,,,,,,,,,,,,,,,,,,,,,,,,,,2002-03
19,Qyntel Woods,POR,22,30,21,9,179.4,66,30,56,53.6,1,6,16.7,5,14,35.7,9,24,33,5,12,7,0,20,122,0,0,-27,,,,,,,,,,,,,,,,,,,,,,,,,,,2002-03
20,Dan Dickau,ATL,24,23,11,12,216.1,64,24,73,32.9,6,21,28.6,10,12,83.3,4,16,20,43,24,6,0,28,147,0,0,-69,,,,,,,,,,,,,,,,,,,,,,,,,,,2002-03
20,Ryan Humphrey,MEM,23,33,17,16,316.9,64,23,84,27.4,0,0,0.0,18,28,64.3,30,38,68,7,21,3,15,52,189,0,0,-57,,,,,,,,,,,,,,,,,,,,,,,,,,,2002-03
22,Jiri Welsch,GSW,23,22,6,16,185.7,49,15,57,26.3,1,2,50.0,18,23,78.3,8,11,19,20,16,6,1,25,107,0,0,1,,,,,,,,,,,,,,,,,,,,,,,,,,,2002-03
23,Chris Wilcox,LAC,20,20,4,16,139.9,46,21,43,48.8,0,0,0.0,4,10,40.0,10,20,30,4,7,3,2,14,96,0,0,6,,,,,,,,,,,,,,,,,,,,,,,,,,,2002-03
24,Efthimios Rentzias,PHI,27,15,8,7,56.2,27,11,27,40.7,1,2,50.0,4,5,80.0,8,7,15,2,3,2,1,9,54,0,0,2,,,,,,,,,,,,,,,,,,,,,,,,,,,2002-03
25,Bostjan Nachbar,HOU,22,12,5,7,73.2,25,9,27,33.3,2,9,22.2,5,9,55.6,3,8,11,3,6,2,2,11,49,0,0,-14,,,,,,,,,,,,,,,,,,,,,,,,,,,2002-03
26,Fred Jones,IND,24,15,11,4,96.5,18,8,20,40.0,1,5,20.0,1,2,50.0,3,5,8,4,6,5,1,12,46,0,0,-13,,,,,,,,,,,,,,,,,,,,,,,,,,,2002-03
27,Frank Williams,NYK,23,6,0,6,30.5,1,0,5,0.0,0,3,0.0,1,2,50.0,0,1,1,3,2,3,1,5,17,0,0,-37,,,,,,,,,,,,,,,,,,,,,,,,,,,2002-03
1,Carmelo Anthony,DEN,20,54,31,23,1937.4,1045,378,896,42.2,47,145,32.4,242,322,75.2,112,224,336,148,158,69,35,148,1824,9,0,44,,,,,,,,,,,,,,,,,,,,,,,,,,,2003-04
2,LeBron James,CLE,19,50,18,32,1999.3,1022,390,962,40.5,45,158,28.5,197,259,76.1,65,218,283,289,183,74,33,95,1933,6,0,-138,,,,,,,,,,,,,,,,,,,,,,,,,,,2003-04
3,Dwyane Wade,MIA,22,36,16,20,1302.2,586,231,489,47.2,9,29,31.0,115,163,70.6,61,93,154,157,108,48,24,86,1114,1,0,-86,,,,,,,,,,,,,,,,,,,,,,,,,,,2003-04
4,Kirk Hinrich,CHI,23,48,13,35,1648.3,519,181,459,39.4,83,217,38.2,74,98,75.5,24,123,147,292,134,60,10,171,1209,7,0,-137,,,,,,,,,,,,,,,,,,,,,,,,,,,2003-04
5,Jarvis Hayes,WAS,22,50,16,34,1526.5,497,206,515,40.0,25,88,28.4,60,74,81.1,56,158,214,76,90,57,11,117,982,2,0,-200,,,,,,,,,,,,,,,,,,,,,,,,,,,2003-04
6,Chris Bosh,TOR,20,44,21,23,1432.4,487,182,390,46.7,3,8,37.5,120,179,67.0,123,201,324,44,62,29,63,123,1156,8,0,-41,,,,,,,,,,,,,,,,,,,,,,,,,,,2003-04
7,Raul Lopez,UTA,24,53,26,27,1099.6,398,153,346,44.2,19,63,30.2,73,85,85.9,17,92,109,191,126,34,2,124,797,1,0,-46,,,,,,,,,,,,,,,,,,,,,,,,,,,2003-04
8,T.J. Ford,MIL,21,50,27,23,1358.8,356,137,368,37.2,5,20,25.0,77,93,82.8,34,134,168,327,128,57,3,112,1100,3,0,-11,,,,,,,,,,,,,,,,,,,,,,,,,,,2003-04
9,Josh Howard,DAL,24,42,26,16,964.1,353,141,321,43.9,9,35,25.7,62,89,69.7,93,141,234,59,43,45,36,109,922,2,0,94,,,,,,,,,,,,,,,,,,,,,,,,,,,2003-04
10,Chris Kaman,LAC,22,51,22,29,1124.9,323,129,289,44.6,0,2,0.0,65,92,70.7,85,212,297,48,97,13,48,133,837,4,0,-49,,,,,,,,,,,,,,,,,,,,,,,,,,,2003-04
11,Leandro Barbosa,PHX,21,44,14,30,799.2,303,117,260,45.0,48,119,40.3,21,27,77.8,11,46,57,92,71,49,4,85,597,0,0,-76,,,,,,,,,,,,,,,,,,,,,,,,,,,2003-04
12,Marcus Banks,BOS,22,53,22,31,895.1,288,105,284,37.0,20,63,31.7,58,78,74.4,21,74,95,118,86,49,10,109,670,0,0,-52,,,,,,,,,,,,,,,,,,,,,,,,,,,2003-04
13,Luke Ridnour,SEA,23,48,22,26,758.2,272,103,255,40.4,17,56,30.4,49,60,81.7,26,46,72,106,63,39,4,69,583,0,0,-103,,,,,,,,,,,,,,,,,,,,,,,,,,,2003-04
14,Sasha Pavlovic,UTA,20,51,24,27,690.2,243,94,228,41.2,12,45,26.7,43,52,82.7,24,74,98,38,45,26,10,118,481,0,0,-10,,,,,,,,,,,,,,,,,,,,,,,,,,,2003-04
15,Boris Diaw,ATL,22,47,18,29,1149.0,186,74,181,40.9,2,15,13.3,36,62,58.1,60,144,204,114,93,33,21,113,671,0,0,-166,,,,,,,,,,,,,,,,,,,,,,,,,,,2003-04
16,David West,NOH,23,42,23,19,482.6,147,58,129,45.0,0,2,0.0,31,43,72.1,69,96,165,27,25,10,9,63,418,1,0,-83,,,,,,,,,,,,,,,,,,,,,,,,,,,2003-04
17,Zarko Cabarkapa,PHX,23,24,10,14,310.0,125,51,115,44.3,6,23,26.1,17,32,53.1,13,46,59,22,35,7,9,38,242,0,0,-74,,,,,,,,,,,,,,,,,,,,,,,,,,,2003-04
18,Brian Cook,LAL,23,13,5,8,244.2,86,34,75,45.3,0,3,0.0,18,24,75.0,14,41,55,11,8,9,10,35,218,1,0,2,,,,,,,,,,,,,,,,,,,,,,,,,,,2003-04
19,Zoran Planinic,NJN,21,29,18,11,216.8,69,25,65,38.5,4,19,21.1,15,24,62.5,8,17,25,28,21,6,2,43,144,0,0,-67,,,,,,,,,,,,,,,,,,,,,,,,,,,2003-04
20,Mickael Pietrus,GSW,22,26,11,15,186.9,63,18,51,35.3,13,32,40.6,14,21,66.7,8,21,29,10,10,8,3,26,136,0,0,27,,,,,,,,,,,,,,,,,,,,,,,,,,,2003-04
21,Curtis Borchardt,UTA,23,16,8,8,257.5,58,22,56,39.3,0,1,0.0,14,18,77.8,13,41,54,15,18,4,14,40,181,0,0,-29,,,,,,,,,,,,,,,,,,,,,,,,,,,2003-04
22,Dahntay Jones,MEM,23,14,9,5,116.6,32,13,42,31.0,1,4,25.0,5,11,45.5,5,10,15,11,7,5,3,13,84,0,0,-15,,,,,,,,,,,,,,,,,,,,,,,,,,,2003-04
23,Michael Sweetney,NYK,21,15,5,10,84.8,27,11,35,31.4,0,0,0.0,5,7,71.4,4,12,16,2,8,3,0,9,50,0,0,-22,,,,,,,,,,,,,,,,,,,,,,,,,,,2003-04
24,Reece Gaines,ORL,23,20,1,19,151.0,18,5,34,14.7,1,4,25.0,7,8,87.5,3,15,18,17,8,4,2,11,75,0,0,-1,,,,,,,,,,,,,,,,,,,,,,,,,,,2003-04
25,Darko Milicic,DET,19,16,12,4,52.4,16,7,20,35.0,0,0,0.0,2,7,28.6,3,8,11,3,7,4,4,16,51,0,0,-7,,,,,,,,,,,,,,,,,,,,,,,,,,,2003-04
26,Kendrick Perkins,BOS,19,6,2,4,25.2,14,4,9,44.4,0,0,0.0,6,9,66.7,3,4,7,1,3,0,2,4,27,0,0,23,,,,,,,,,,,,,,,,,,,,,,,,,,,2003-04
27,Ndudi Ebi,MIN,20,17,14,3,31.5,13,6,14,42.9,0,0,0.0,1,4,25.0,2,1,3,3,3,0,4,6,30,0,0,-9,,,,,,,,,,,,,,,,,,,,,,,,,,,2003-04
28,Troy Bell,MEM,23,2,2,0,7.2,5,1,2,50.0,0,0,0.0,3,3,100.0,1,1,2,1,3,0,0,1,6,0,0,9,,,,,,,,,,,,,,,,,,,,,,,,,,,2003-04
29,Travis Outlaw,POR,19,7,1,6,11.2,4,1,4,25.0,0,0,0.0,2,4,50.0,1,1,2,1,1,0,0,0,7,0,0,-16,,,,,,,,,,,,,,,,,,,,,,,,,,,2003-04
1,Ben Gordon,CHI,22,49,26,23,1134.9,690,250,569,43.9,73,168,43.5,117,139,84.2,34,84,118,87,108,27,3,130,944,0,0,25,,,,,,,,,,,,,,,,,,,,,,,,,,,2004-05
2,Emeka Okafor,CHA,22,42,9,33,1500.0,623,261,584,44.7,0,0,0.0,101,176,57.4,166,295,461,39,72,36,62,127,1457,27,0,-202,,,,,,,,,,,,,,,,,,,,,,,,,,,2004-05
3,Luol Deng,CHI,20,49,26,23,1395.7,621,245,560,43.8,30,112,26.8,101,132,76.5,79,196,275,118,98,41,21,83,1216,3,0,115,,,,,,,,,,,,,,,,,,,,,,,,,,,2004-05
4,Dwight Howard,ORL,19,52,28,24,1665.1,546,186,375,49.6,0,0,0.0,174,261,66.7,181,326,507,46,95,43,83,135,1506,17,0,-73,,,,,,,,,,,,,,,,,,,,,,,,,,,2004-05
5,Andre Iguodala,PHI,21,53,26,27,1708.5,463,166,354,46.9,30,98,30.6,101,134,75.4,51,262,313,155,102,95,34,137,1356,3,0,-48,,,,,,,,,,,,,,,,,,,,,,,,,,,2004-05
6,Nenad Krstic,NJN,21,48,21,27,1135.8,380,147,319,46.1,0,0,0.0,86,123,69.9,90,140,230,46,63,24,48,173,878,4,0,-49,,,,,,,,,,,,,,,,,,,,,,,,,,,2004-05
7,Josh Childress,ATL,22,50,9,41,1217.8,371,141,311,45.3,7,31,22.6,82,104,78.8,106,144,250,78,57,39,22,116,914,4,0,-178,,,,,,,,,,,,,,,,,,,,,,,,,,,2004-05
8,JR Smith,NOH,19,47,11,36,988.8,356,137,356,38.5,42,143,29.4,40,63,63.5,23,49,72,73,49,29,11,66,623,0,0,-227,,,,,,,,,,,,,,,,,,,,,,,,,,,2004-05
9,Josh Smith,ATL,19,43,8,35,1014.4,341,131,273,48.0,0,4,0.0,79,114,69.3,90,132,222,72,69,34,77,77,979,2,0,-167,,,,,,,,,,,,,,,,,,,,,,,,,,,2004-05
10,Tony Allen,BOS,23,52,27,25,814.3,329,125,261,47.9,7,21,33.3,72,94,76.6,62,88,150,46,57,55,17,97,737,0,0,90,,,,,,,,,,,,,,,,,,,,,,,,,,,2004-05
11,Al Jefferson,BOS,20,43,21,22,671.9,296,123,237,51.9,0,2,0.0,50,83,60.2,79,125,204,14,41,14,42,114,689,3,0,-36,,,,,,,,,,,,,,,,,,,,,,,,,,,2004-05
12,Beno Udrih,SAS,22,52,40,12,735.4,290,106,234,45.3,30,72,41.7,48,60,80.0,9,43,52,97,43,32,5,61,566,1,0,142,,,,,,,,,,,,,,,,,,,,,,,,,,,2004-05
13,Jameer Nelson,ORL,23,52,28,24,677.0,286,125,286,43.7,13,48,27.1,23,40,57.5,23,63,86,113,53,38,2,108,626,0,0,-19,,,,,,,,,,,,,,,,,,,,,,,,,,,2004-05
14,Devin Harris,DAL,22,48,34,14,757.4,281,104,245,42.4,29,89,32.6,44,56,78.6,13,34,47,107,57,49,9,91,615,0,0,-56,,,,,,,,,,,,,,,,,,,,,,,,,,,2004-05
15,David Harrison,IND,22,35,19,16,670.5,235,97,165,58.8,0,0,0.0,41,73,56.2,44,73,117,12,50,12,51,107,532,1,0,4,,,,,,,,,,,,,,,,,,,,,,,,,,,2004-05
16,Nick Collison,SEA,24,50,35,15,716.1,234,98,190,51.6,0,2,0.0,38,59,64.4,81,115,196,18,36,20,26,151,598,2,0,75,,,,,,,,,,,,,,,,,,,,,,,,,,,2004-05
17,Kirk Snyder,UTA,22,42,14,28,455.3,176,64,161,39.8,18,44,40.9,30,46,65.2,24,37,61,14,31,11,9,66,299,0,0,-119,,,,,,,,,,,,,,,,,,,,,,,,,,,2004-05
18,Sebastian Telfair,POR,20,39,14,25,414.6,165,56,158,35.4,11,34,32.4,42,52,80.8,4,32,36,62,47,9,0,49,281,0,0,-16,,,,,,,,,,,,,,,,,,,,,,,,,,,2004-05
19,Rafael Araujo,TOR,24,35,15,20,430.0,114,44,105,41.9,1,2,50.0,25,30,83.3,37,91,128,10,37,9,5,88,288,0,0,-37,,,,,,,,,,,,,,,,,,,,,,,,,,,2004-05
20,Kris Humphries,UTA,20,37,8,29,347.4,99,41,110,37.3,2,5,40.0,15,33,45.5,28,41,69,16,23,7,7,43,225,0,0,-79,,,,,,,,,,,,,,,,,,,,,,,,,,,2004-05
21,Kevin Martin,SAC,22,29,19,10,320.5,86,27,75,36.0,2,12,16.7,30,45,66.7,25,20,45,17,21,12,2,26,187,0,0,-23,,,,,,,,,,,,,,,,,,,,,,,,,,,2004-05
22,Shaun Livingston,LAC,19,13,5,8,283.7,72,33,80,41.3,0,2,0.0,6,10,60.0,6,21,27,43,27,14,8,34,208,0,0,-38,,,,,,,,,,,,,,,,,,,,,,,,,,,2004-05
23,Carlos Delfino,DET,22,13,8,5,203.2,68,24,55,43.6,6,18,33.3,14,21,66.7,5,17,22,12,11,9,5,26,143,0,0,-6,,,,,,,,,,,,,,,,,,,,,,,,,,,2004-05
24,Sasha Vujacic,LAL,21,21,10,11,217.8,61,19,63,30.2,11,33,33.3,12,13,92.3,5,32,37,16,7,6,0,21,140,0,0,4,,,,,,,,,,,,,,,,,,,,,,,,,,,2004-05
25,Luke Jackson,CLE,23,10,5,5,43.1,29,10,27,37.0,4,6,66.7,5,6,83.3,2,4,6,3,2,0,0,4,39,0,0,-18,,,,,,,,,,,,,,,,,,,,,,,,,,,2004-05
26,Delonte West,BOS,21,13,6,7,92.4,28,11,26,42.3,4,12,33.3,2,3,66.7,2,8,10,13,4,1,3,15,68,0,0,19,,,,,,,,,,,,,,,,,,,,,,,,,,,2004-05
27,Viktor Khryapa,POR,22,5,1,4,39.8,12,3,5,60.0,2,3,66.7,4,6,66.7,1,3,4,1,1,1,0,4,20,0,0,-4,,,,,,,,,,,,,,,,,,,,,,,,,,,2004-05
28,Andris Biedrins,GSW,19,4,0,4,21.1,6,2,5,40.0,0,0,0.0,2,3,66.7,0,3,3,1,1,0,2,4,16,0,0,8,,,,,,,,,,,,,,,,,,,,,,,,,,,2004-05
29,Robert Swift,SEA,19,9,7,2,29.5,4,1,3,33.3,0,0,0.0,2,4,50.0,0,1,1,2,2,0,1,5,9,0,0,-33,,,,,,,,,,,,,,,,,,,,,,,,,,,2004-05
30,Dorell Wright,MIA,19,1,1,0,1.8,0,0,2,0.0,0,1,0.0,0,0,0.0,0,0,0,0,0,0,0,0,0,0,0,-8,,,,,,,,,,,,,,,,,,,,,,,,,,,2004-05
1,Chris Paul,NOK,21,48,26,22,1699.7,762,250,579,43.2,30,104,28.8,232,281,82.6,36,231,267,371,115,104,3,138,1845,14,0,-65,,,,,,,,,,,,,,,,,,,,,,,,,,,2005-06
2,Channing Frye,NYK,23,51,15,36,1289.1,679,257,533,48.2,2,8,25.0,163,196,83.2,113,190,303,48,82,24,37,156,1216,2,0,10,,,,,,,,,,,,,,,,,,,,,,,,,,,2005-06
3,Charlie Villanueva,TOR,21,52,19,33,1336.3,647,273,566,48.2,39,116,33.6,62,93,66.7,104,173,277,44,61,38,40,152,1218,4,0,28,,,,,,,,,,,,,,,,,,,,,,,,,,,2005-06
4,Raymond Felton,CHA,22,53,14,39,1389.2,496,180,482,37.3,44,134,32.8,92,134,68.7,52,120,172,240,111,65,6,114,1164,3,0,-68,,,,,,,,,,,,,,,,,,,,,,,,,,,2005-06
5,Andrew Bogut,MIL,21,52,27,25,1513.9,470,192,367,52.3,0,1,0.0,86,135,63.7,134,260,394,110,81,36,60,169,1315,8,0,-1,,,,,,,,,,,,,,,,,,,,,,,,,,,2005-06
6,Deron Williams,UTA,22,50,23,27,1321.2,467,179,466,38.4,41,124,33.1,68,94,72.3,19,105,124,193,96,38,9,130,950,2,0,-48,,,,,,,,,,,,,,,,,,,,,,,,,,,2005-06
7,Luther Head,HOU,23,51,20,31,1393.4,418,149,393,37.9,76,211,36.0,44,65,67.7,20,146,166,123,75,52,4,119,895,1,0,-53,,,,,,,,,,,,,,,,,,,,,,,,,,,2005-06
8,Nate Robinson,NYK,22,50,15,35,983.8,413,140,369,37.9,37,93,39.8,96,129,74.4,36,92,128,91,78,29,1,137,715,0,0,-24,,,,,,,,,,,,,,,,,,,,,,,,,,,2005-06
9,Marvin Williams,ATL,20,49,15,34,1110.9,338,119,284,41.9,12,38,31.6,88,116,75.9,57,165,222,38,43,29,16,140,753,1,0,-116,,,,,,,,,,,,,,,,,,,,,,,,,,,2005-06
10,Jarrett Jack,POR,22,51,18,33,1029.8,316,115,277,41.5,10,45,22.2,76,98,77.6,8,103,111,133,63,32,1,86,685,0,0,-208,,,,,,,,,,,,,,,,,,,,,,,,,,,2005-06
11,Joey Graham,TOR,24,51,19,32,944.7,315,115,231,49.8,20,55,36.4,65,82,79.3,32,114,146,35,62,17,5,138,547,0,0,-114,,,,,,,,,,,,,,,,,,,,,,,,,,,2005-06
12,Danny Granger,IND,23,46,24,22,972.8,305,110,254,43.3,16,44,36.4,69,87,79.3,77,136,213,48,53,35,34,123,787,3,0,-41,,,,,,,,,,,,,,,,,,,,,,,,,,,2005-06
13,Francisco Garcia,SAC,24,48,23,25,1037.5,298,102,263,38.8,26,103,25.2,68,85,80.0,28,117,145,81,57,33,39,108,753,1,0,1,,,,,,,,,,,,,,,,,,,,,,,,,,,2005-06
14,Rashad McCants,MIN,21,51,22,29,633.8,282,112,265,42.3,25,70,35.7,33,47,70.2,15,51,66,23,49,24,11,87,452,0,0,-118,,,,,,,,,,,,,,,,,,,,,,,,,,,2005-06
15,Ike Diogu,GSW,22,39,16,23,569.2,241,92,171,53.8,0,0,0.0,57,68,83.8,50,67,117,20,39,7,15,88,438,1,0,-48,,,,,,,,,,,,,,,,,,,,,,,,,,,2005-06
16,Sean May,CHA,22,23,7,16,398.4,189,70,171,40.9,0,5,0.0,49,64,76.6,42,67,109,22,33,17,12,58,407,1,0,-22,,,,,,,,,,,,,,,,,,,,,,,,,,,2005-06
17,David Lee,NYK,23,39,14,25,629.2,176,69,115,60.0,0,0,0.0,38,64,59.4,57,116,173,28,30,11,11,69,462,3,0,-58,,,,,,,,,,,,,,,,,,,,,,,,,,,2005-06
18,Johan Petro,SEA,20,41,13,28,645.8,154,65,136,47.8,0,0,0.0,24,42,57.1,56,88,144,7,32,9,25,124,407,0,0,-124,,,,,,,,,,,,,,,,,,,,,,,,,,,2005-06
19,Hakim Warrick,MEM,23,41,24,17,427.0,153,57,133,42.9,0,0,0.0,39,65,60.0,27,61,88,20,31,10,9,66,315,0,0,-63,,,,,,,,,,,,,,,,,,,,,,,,,,,2005-06
20,Linas Kleiza,DEN,21,42,22,20,341.0,136,51,108,47.2,1,7,14.3,33,49,67.3,30,50,80,12,11,7,10,63,290,0,0,7,,,,,,,,,,,,,,,,,,,,,,,,,,,2005-06
21,Martell Webster,POR,19,31,9,22,420.2,134,46,136,33.8,26,78,33.3,16,20,80.0,7,26,33,9,18,4,6,34,199,0,0,-95,,,,,,,,,,,,,,,,,,,,,,,,,,,2005-06
22,Sergei Monia,SAC,23,23,7,16,336.1,75,29,85,34.1,9,33,27.3,8,12,66.7,11,40,51,19,12,6,5,41,186,0,0,-140,,,,,,,,,,,,,,,,,,,,,,,,,,,2005-06
22,Wayne Simien,MIA,23,28,17,11,237.4,75,31,64,48.4,0,0,0.0,13,14,92.9,19,28,47,3,10,8,0,43,150,0,0,-31,,,,,,,,,,,,,,,,,,,,,,,,,,,2005-06
24,Andrew Bynum,LAL,18,31,18,13,241.5,61,27,61,44.3,0,0,0.0,7,23,30.4,28,36,64,5,16,2,16,35,183,0,0,-9,,,,,,,,,,,,,,,,,,,,,,,,,,,2005-06
25,Jason Maxiell,DET,23,17,16,1,71.3,34,13,31,41.9,0,0,0.0,8,22,36.4,6,4,10,1,4,1,3,10,56,0,0,-47,,,,,,,,,,,,,,,,,,,,,,,,,,,2005-06
26,Antoine Wright,NJN,22,18,8,10,164.3,30,14,38,36.8,1,11,9.1,1,6,16.7,6,12,18,7,10,3,0,16,61,0,0,-38,,,,,,,,,,,,,,,,,,,,,,,,,,,2005-06
27,Yaroslav Korolev,LAC,19,20,10,10,105.4,25,8,27,29.6,2,7,28.6,7,8,87.5,4,6,10,8,5,1,0,10,47,0,0,-8,,,,,,,,,,,,,,,,,,,,,,,,,,,2005-06
28,Julius Hodge,DEN,22,11,6,5,29.8,11,4,11,36.4,0,0,0.0,3,8,37.5,5,2,7,5,7,1,0,6,23,0,0,2,,,,,,,,,,,,,,,,,,,,,,,,,,,2005-06
29,Gerald Green,BOS,20,5,1,4,14.5,4,1,4,25.0,0,0,0.0,2,4,50.0,1,0,1,1,1,0,0,3,6,0,0,-3,,,,,,,,,,,,,,,,,,,,,,,,,,,2005-06
1,Adam Morrison,CHA,22,52,19,33,1652.7,660,260,689,37.7,53,172,30.8,87,123,70.7,38,127,165,113,93,21,5,123,1013,0,0,-155,,,,,,,,,,,,,,,,,,,,,,,,,,,2006-07
2,Andrea Bargnani,TOR,21,51,28,23,1210.6,543,194,465,41.7,69,191,36.1,86,103,83.5,43,134,177,40,76,22,43,139,934,1,0,12,,,,,,,,,,,,,,,,,,,,,,,,,,,2006-07
3,Brandon Roy,POR,22,34,14,20,1152.8,524,186,429,43.4,25,81,30.9,127,149,85.2,34,108,142,117,60,42,6,78,954,3,0,-159,,,,,,,,,,,,,,,,,,,,,,,,,,,2006-07
4,Rudy Gay,MEM,20,54,14,40,1272.1,520,200,466,42.9,27,71,38.0,93,137,67.9,50,159,209,55,72,51,49,122,1081,0,0,-29,,,,,,,,,,,,,,,,,,,,,,,,,,,2006-07
5,Randy Foye,MIN,23,52,25,27,1095.3,466,172,405,42.5,35,101,34.7,87,104,83.7,32,107,139,127,92,30,17,111,872,1,0,-43,,,,,,,,,,,,,,,,,,,,,,,,,,,2006-07
6,Marcus Williams,NJN,21,51,24,27,909.3,391,153,366,41.8,33,112,29.5,52,61,85.2,20,92,112,164,90,24,1,57,756,0,0,13,,,,,,,,,,,,,,,,,,,,,,,,,,,2006-07
7,Rodney Carney,PHI,23,51,17,34,882.6,324,134,287,46.7,19,51,37.3,37,61,60.7,32,59,91,14,33,26,17,85,550,0,0,-99,,,,,,,,,,,,,,,,,,,,,,,,,,,2006-07
8,LaMarcus Aldridge,POR,21,44,17,27,848.6,299,124,260,47.7,0,2,0.0,51,72,70.8,76,98,174,16,28,9,42,126,657,2,0,-53,,,,,,,,,,,,,,,,,,,,,,,,,,,2006-07
9,Jordan Farmar,LAL,20,52,29,23,848.2,273,104,231,45.0,40,111,36.0,25,34,73.5,16,69,85,107,57,33,3,51,587,0,0,9,,,,,,,,,,,,,,,,,,,,,,,,,,,2006-07
10,Shelden Williams,ATL,23,51,21,30,1015.8,272,102,231,44.2,2,4,50.0,66,80,82.5,81,199,280,27,65,31,25,132,752,3,0,-178,,,,,,,,,,,,,,,,,,,,,,,,,,,2006-07
11,Rajon Rondo,BOS,21,47,10,37,898.1,252,93,229,40.6,4,18,22.2,62,95,65.3,33,108,141,159,78,64,5,94,789,1,0,63,,,,,,,,,,,,,,,,,,,,,,,,,,,2006-07
12,Renaldo Balkman,NYK,22,46,20,26,612.7,175,73,164,44.5,4,23,17.4,25,48,52.1,48,115,163,31,35,35,32,96,583,1,0,-6,,,,,,,,,,,,,,,,,,,,,,,,,,,2006-07
13,Tyrus Thomas,CHI,20,46,26,20,494.3,167,60,140,42.9,0,2,0.0,47,85,55.3,46,87,133,20,53,25,46,95,517,1,0,65,,,,,,,,,,,,,,,,,,,,,,,,,,,2006-07
14,Ronnie Brewer,UTA,22,38,26,12,452.3,166,66,128,51.6,0,7,0.0,34,50,68.0,25,27,52,14,15,26,5,32,327,0,0,-1,,,,,,,,,,,,,,,,,,,,,,,,,,,2006-07
15,Thabo Sefolosha,CHI,23,48,26,22,568.1,161,69,159,43.4,6,19,31.6,17,32,53.1,24,72,96,41,41,24,7,66,390,0,0,16,,,,,,,,,,,,,,,,,,,,,,,,,,,2006-07
16,Sergio Rodriguez,POR,21,41,16,25,487.1,145,61,134,45.5,15,48,31.3,8,9,88.9,9,46,55,137,39,22,2,44,450,1,0,-23,,,,,,,,,,,,,,,,,,,,,,,,,,,2006-07
17,JJ Redick,ORL,23,19,9,10,309.8,125,40,95,42.1,18,46,39.1,27,32,84.4,2,20,22,17,9,9,0,29,195,0,0,22,,,,,,,,,,,,,,,,,,,,,,,,,,,2006-07
18,Cedric Simmons,NOK,21,37,16,21,500.9,116,50,120,41.7,0,0,0.0,16,32,50.0,41,60,101,12,21,7,21,70,318,0,0,-88,,,,,,,,,,,,,,,,,,,,,,,,,,,2006-07
19,Hilton Armstrong,NOK,22,35,17,18,384.4,111,44,88,50.0,0,0,0.0,23,41,56.1,37,58,95,6,21,11,15,46,291,0,0,-33,,,,,,,,,,,,,,,,,,,,,,,,,,,2006-07
20,Josh Boone,NJN,22,33,17,16,283.5,91,33,64,51.6,0,0,0.0,25,49,51.0,30,49,79,5,11,6,10,36,230,0,0,-34,,,,,,,,,,,,,,,,,,,,,,,,,,,2006-07
21,Quincy Douby,SAC,23,30,12,18,210.8,73,30,78,38.5,8,30,26.7,5,8,62.5,9,10,19,7,6,10,2,11,136,0,0,20,,,,,,,,,,,,,,,,,,,,,,,,,,,2006-07
22,Kyle Lowry,MEM,21,10,2,8,175.4,56,14,38,36.8,3,8,37.5,25,28,89.3,12,19,31,32,12,14,1,20,174,0,0,60,,,,,,,,,,,,,,,,,,,,,,,,,,,2006-07
23,Mardy Collins,NYK,22,27,12,15,117.8,39,14,42,33.3,3,11,27.3,8,14,57.1,4,10,14,4,7,4,0,15,67,0,0,-26,,,,,,,,,,,,,,,,,,,,,,,,,,,2006-07
23,Shawne Williams,IND,21,21,13,8,136.3,39,17,40,42.5,5,14,35.7,0,2,0.0,10,11,21,5,6,1,5,18,84,0,0,-29,,,,,,,,,,,,,,,,,,,,,,,,,,,2006-07
25,Maurice Ager,DAL,23,19,16,3,70.8,25,9,30,30.0,1,6,16.7,6,10,60.0,0,5,5,4,6,1,0,12,34,0,0,-14,,,,,,,,,,,,,,,,,,,,,,,,,,,2006-07
25,Mouhamed Sene,SEA,21,18,4,14,92.1,25,8,22,36.4,0,0,0.0,9,19,47.4,4,14,18,0,7,3,7,23,70,0,0,-7,,,,,,,,,,,,,,,,,,,,,,,,,,,2006-07
25,Patrick O'Bryant,GSW,21,13,4,9,100.3,25,7,25,28.0,0,0,0.0,11,15,73.3,6,8,14,8,5,6,7,23,88,0,0,11,,,,,,,,,,,,,,,,,,,,,,,,,,,2006-07
25,Shannon Brown,CLE,21,11,7,4,104.4,25,10,34,29.4,1,10,10.0,4,7,57.1,4,10,14,7,6,4,2,13,64,0,0,-22,,,,,,,,,,,,,,,,,,,,,,,,,,,2006-07
1,Kevin Durant,SEA,19,50,13,37,1655.7,968,345,858,40.2,48,170,28.2,230,266,86.5,36,169,205,111,139,48,53,71,1545,0,0,-367,,,,,,,,,,,,,,,,,,,,,,,,,,,2007-08
2,Al Thornton,LAC,24,47,17,30,1057.5,494,190,439,43.3,22,65,33.8,92,130,70.8,49,127,176,43,58,23,17,107,832,1,0,-174,,,,,,,,,,,,,,,,,,,,,,,,,,,2007-08
3,Yi Jianlian,MIL,20,51,18,33,1375.8,491,191,438,43.6,6,21,28.6,103,124,83.1,93,199,292,46,73,32,49,121,1080,1,0,-191,,,,,,,,,,,,,,,,,,,,,,,,,,,2007-08
4,Al Horford,ATL,22,49,22,27,1527.5,452,183,388,47.2,0,4,0.0,86,130,66.2,148,340,488,58,87,42,50,172,1314,11,0,-59,,,,,,,,,,,,,,,,,,,,,,,,,,,2007-08
5,Jeff Green,SEA,21,49,12,37,1201.2,421,165,375,44.0,4,26,15.4,87,125,69.6,65,151,216,66,91,20,32,118,844,2,0,-301,,,,,,,,,,,,,,,,,,,,,,,,,,,2007-08
6,Sean Williams,NJN,21,48,20,28,1011.8,360,143,261,54.8,0,0,0.0,74,119,62.2,101,163,264,21,56,23,93,144,1000,2,0,-166,,,,,,,,,,,,,,,,,,,,,,,,,,,2007-08
7,Nick Young,WAS,23,49,22,27,697.7,322,116,288,40.3,22,58,37.9,68,83,81.9,15,49,64,44,58,21,4,85,482,0,0,-70,,,,,,,,,,,,,,,,,,,,,,,,,,,2007-08
8,Thaddeus Young,PHI,20,45,21,24,785.5,297,132,253,52.2,2,8,25.0,31,44,70.5,73,101,174,28,40,35,7,57,634,0,0,70,,,,,,,,,,,,,,,,,,,,,,,,,,,2007-08
9,Daequan Cook,MIA,21,39,5,34,761.3,282,105,274,38.3,35,117,29.9,37,41,90.2,13,77,90,40,32,10,5,90,463,0,0,-143,,,,,,,,,,,,,,,,,,,,,,,,,,,2007-08
10,Corey Brewer,MIN,22,50,9,41,1139.5,268,107,302,35.4,6,31,19.4,48,66,72.7,46,141,187,71,62,45,18,115,726,0,0,-186,,,,,,,,,,,,,,,,,,,,,,,,,,,2007-08
11,Jason Smith,PHI,22,51,23,28,782.0,246,106,230,46.1,2,9,22.2,32,49,65.3,55,106,161,15,34,15,33,93,572,0,0,-22,,,,,,,,,,,,,,,,,,,,,,,,,,,2007-08
12,Joakim Noah,CHI,23,44,19,25,700.8,221,80,182,44.0,0,1,0.0,61,95,64.2,86,119,205,42,41,30,23,88,648,3,0,10,,,,,,,,,,,,,,,,,,,,,,,,,,,2007-08
13,Mike Conley,MEM,20,23,6,17,603.9,203,75,168,44.6,10,38,26.3,43,59,72.9,11,46,57,105,36,21,1,26,459,1,0,-101,,,,,,,,,,,,,,,,,,,,,,,,,,,2007-08
14,Jared Dudley,CHA,22,44,16,28,606.6,201,81,169,47.9,3,18,16.7,36,56,64.3,63,78,141,37,32,24,3,59,475,2,0,-78,,,,,,,,,,,,,,,,,,,,,,,,,,,2007-08
15,Arron Afflalo,DET,22,49,36,13,595.8,173,61,146,41.8,7,33,21.2,44,58,75.9,21,59,80,32,23,16,3,46,351,0,0,83,,,,,,,,,,,,,,,,,,,,,,,,,,,2007-08
16,Acie Law,ATL,23,39,16,23,652.2,164,66,177,37.3,5,30,16.7,27,34,79.4,11,34,45,89,43,21,0,56,372,0,0,-68,,,,,,,,,,,,,,,,,,,,,,,,,,,2007-08
17,Rodney Stuckey,DET,22,27,21,6,439.2,159,60,154,39.0,1,8,12.5,38,49,77.6,11,35,46,67,27,23,1,54,360,0,0,-30,,,,,,,,,,,,,,,,,,,,,,,,,,,2007-08
18,Aaron Brooks,HOU,23,31,20,11,400.6,158,58,146,39.7,21,73,28.8,21,25,84.0,10,24,34,55,30,10,4,44,293,0,0,-17,,,,,,,,,,,,,,,,,,,,,,,,,,,2007-08
19,Spencer Hawes,SAC,20,43,21,22,350.4,128,52,118,44.1,2,13,15.4,22,28,78.6,30,60,90,9,20,5,9,51,272,0,0,-30,,,,,,,,,,,,,,,,,,,,,,,,,,,2007-08
20,Javaris Crittenton,MEM,20,26,18,8,218.2,89,32,66,48.5,1,5,20.0,24,38,63.2,9,20,29,20,26,7,0,14,149,0,0,-38,,,,,,,,,,,,,,,,,,,,,,,,,,,2007-08
21,Julian Wright,NOH,21,31,21,10,253.8,61,27,56,48.2,0,1,0.0,7,14,50.0,11,40,51,15,14,7,6,12,170,0,0,-43,,,,,,,,,,,,,,,,,,,,,,,,,,,2007-08
22,Brandan Wright,GSW,20,17,10,7,120.3,53,20,42,47.6,0,0,0.0,13,21,61.9,17,21,38,5,7,2,1,15,108,0,0,-31,,,,,,,,,,,,,,,,,,,,,,,,,,,2007-08
23,Marco Belinelli,GSW,22,21,10,11,164.0,51,19,61,31.1,9,29,31.0,4,5,80.0,2,7,9,10,10,3,0,12,76,0,0,-56,,,,,,,,,,,,,,,,,,,,,,,,,,,2007-08
23,Oleksiy Pecherov,WAS,22,15,7,8,136.8,51,20,54,37.0,6,28,21.4,5,10,50.0,6,18,24,3,8,2,3,10,91,0,0,-36,,,,,,,,,,,,,,,,,,,,,,,,,,,2007-08
25,Wilson Chandler,NYK,21,9,2,7,66.2,25,11,29,37.9,0,1,0.0,3,5,60.0,3,10,13,3,6,3,1,13,51,0,0,-2,,,,,,,,,,,,,,,,,,,,,,,,,,,2007-08
26,Ian Mahinmi,SAS,21,6,6,0,22.6,21,6,12,50.0,0,0,0.0,9,9,100.0,0,5,5,1,2,0,4,4,39,0,0,-14,,,,,,,,,,,,,,,,,,,,,,,,,,,2007-08
27,Alando Tucker,PHX,24,5,5,0,22.5,12,5,12,41.7,1,3,33.3,1,2,50.0,2,1,3,0,0,0,1,2,19,0,0,-4,,,,,,,,,,,,,,,,,,,,,,,,,,,2007-08
28,Morris Almond,UTA,23,6,6,0,25.3,3,1,9,11.1,0,2,0.0,1,2,50.0,0,0,0,1,0,1,0,3,8,0,0,-11,,,,,,,,,,,,,,,,,,,,,,,,,,,2007-08
1,O.J. Mayo,MEM,21,52,15,37,1972.3,1006,371,839,44.2,99,257,38.5,165,189,87.3,40,182,222,148,134,55,8,128,1549,1,0,-294,,,,,,,,,,,,,,,,,,,,,,,,,,,2008-09
2,Derrick Rose,CHI,20,53,23,30,1950.5,899,380,804,47.3,15,58,25.9,124,157,79.0,59,132,191,335,133,44,12,83,1666,6,0,-136,,,,,,,,,,,,,,,,,,,,,,,,,,,2008-09
3,Russell Westbrook,OKC,20,53,13,40,1680.8,797,273,670,40.7,24,81,29.6,227,281,80.8,120,128,248,260,166,74,11,123,1574,5,0,-76,,,,,,,,,,,,,,,,,,,,,,,,,,,2008-09
4,Eric Gordon,LAC,20,53,13,40,1749.4,779,252,566,44.5,82,220,37.3,193,223,86.5,26,102,128,137,102,53,24,122,1267,0,0,-239,,,,,,,,,,,,,,,,,,,,,,,,,,,2008-09
5,Michael Beasley,MIA,20,51,28,23,1240.8,680,270,594,45.5,21,55,38.2,119,155,76.8,70,199,269,46,89,25,25,124,1133,5,0,-17,,,,,,,,,,,,,,,,,,,,,,,,,,,2008-09
6,Brook Lopez,NJN,21,53,24,29,1587.1,654,279,549,50.8,0,0,0.0,96,118,81.4,155,275,430,43,98,28,98,162,1515,12,0,-14,,,,,,,,,,,,,,,,,,,,,,,,,,,2008-09
7,Jason Thompson,SAC,22,54,11,43,1418.1,564,225,450,50.0,0,7,0.0,114,160,71.3,135,231,366,56,97,30,29,199,1167,9,0,-190,,,,,,,,,,,,,,,,,,,,,,,,,,,2008-09
8,Rudy Fernandez,POR,24,51,32,19,1337.9,540,175,421,41.6,103,265,38.9,87,98,88.8,42,109,151,114,67,45,10,76,990,0,0,119,,,,,,,,,,,,,,,,,,,,,,,,,,,2008-09
9,D.J. Augustin,CHA,21,42,16,26,1210.6,536,168,406,41.4,69,167,41.3,131,143,91.6,11,71,82,169,82,23,0,90,875,1,0,-10,,,,,,,,,,,,,,,,,,,,,,,,,,,2008-09
10,Kevin Love,MIN,20,51,17,34,1214.8,479,166,368,45.1,2,14,14.3,145,187,77.5,179,267,446,60,72,20,30,127,1182,13,0,-94,,,,,,,,,,,,,,,,,,,,,,,,,,,2008-09
11,Greg Oden,POR,21,46,28,18,1052.6,412,154,271,56.8,0,0,0.0,104,164,63.4,134,199,333,30,72,23,53,180,1013,16,0,70,,,,,,,,,,,,,,,,,,,,,,,,,,,2008-09
12,Marreese Speights,PHI,21,48,27,21,744.0,391,163,304,53.6,1,4,25.0,64,81,79.0,77,105,182,20,32,20,40,106,787,0,0,-18,,,,,,,,,,,,,,,,,,,,,,,,,,,2008-09
13,Ryan Anderson,NJN,21,46,21,25,901.3,332,109,280,38.9,46,126,36.5,68,83,81.9,72,146,218,35,46,27,13,117,720,1,0,3,,,,,,,,,,,,,,,,,,,,,,,,,,,2008-09
14,Courtney Lee,ORL,23,46,35,11,1029.1,328,126,272,46.3,40,95,42.1,36,46,78.3,7,86,93,53,41,45,10,80,643,0,0,180,,,,,,,,,,,,,,,,,,,,,,,,,,,2008-09
15,George Hill,SAS,23,49,35,14,875.4,325,108,271,39.9,18,51,35.3,91,117,77.8,23,94,117,97,51,28,13,106,683,1,0,39,,,,,,,,,,,,,,,,,,,,,,,,,,,2008-09
16,JaVale McGee,WAS,21,47,10,37,721.0,298,119,246,48.4,0,0,0.0,60,95,63.2,80,116,196,11,33,20,48,98,721,3,0,-236,,,,,,,,,,,,,,,,,,,,,,,,,,,2008-09
17,Brandon Rush,IND,23,47,18,29,989.6,282,109,280,38.9,37,104,35.6,27,39,69.2,28,94,122,39,48,29,20,77,586,1,0,-166,,,,,,,,,,,,,,,,,,,,,,,,,,,2008-09
18,Roy Hibbert,IND,22,43,15,28,512.0,259,108,205,52.7,0,0,0.0,43,65,66.2,51,64,115,31,31,10,39,110,560,0,0,-67,,,,,,,,,,,,,,,,,,,,,,,,,,,2008-09
19,Darrell Arthur,MEM,21,46,12,34,917.3,258,114,280,40.7,0,1,0.0,30,44,68.2,59,145,204,25,35,32,29,126,688,2,0,-199,,,,,,,,,,,,,,,,,,,,,,,,,,,2008-09
20,Nicolas Batum,POR,20,52,32,20,909.5,244,91,220,41.4,39,113,34.5,23,31,74.2,47,101,148,49,37,32,27,84,635,0,0,70,,,,,,,,,,,,,,,,,,,,,,,,,,,2008-09
21,Kosta Koufos,UTA,20,47,26,21,554.1,222,93,184,50.5,0,0,0.0,36,51,70.6,50,87,137,20,26,12,30,68,516,0,0,-13,,,,,,,,,,,,,,,,,,,,,,,,,,,2008-09
22,Anthony Randolph,GSW,19,36,12,24,461.9,210,86,201,42.8,0,2,0.0,38,54,70.4,54,95,149,21,43,18,34,58,533,2,0,-38,,,,,,,,,,,,,,,,,,,,,,,,,,,2008-09
23,JJ Hickson,CLE,20,44,34,10,511.9,194,81,151,53.6,0,0,0.0,32,51,62.7,39,80,119,7,29,10,25,63,423,0,0,-48,,,,,,,,,,,,,,,,,,,,,,,,,,,2008-09
24,Jerryd Bayless,POR,20,32,18,14,481.6,187,55,142,38.7,6,23,26.1,71,85,83.5,7,36,43,57,40,14,1,60,329,0,0,27,,,,,,,,,,,,,,,,,,,,,,,,,,,2008-09
25,Joe Alexander,MIL,22,39,17,22,443.5,169,65,150,43.3,10,29,34.5,29,40,72.5,31,44,75,21,32,8,17,62,334,0,0,-43,,,,,,,,,,,,,,,,,,,,,,,,,,,2008-09
26,Donte Greene,SAC,21,29,6,23,375.2,118,43,119,36.1,12,46,26.1,20,25,80.0,10,38,48,13,16,6,4,35,209,0,0,-50,,,,,,,,,,,,,,,,,,,,,,,,,,,2008-09
27,Robin Lopez,PHX,21,33,15,18,359.2,95,37,70,52.9,0,0,0.0,21,36,58.3,27,28,55,5,13,7,21,50,240,0,0,-52,,,,,,,,,,,,,,,,,,,,,,,,,,,2008-09
28,Danilo Gallinari,NYK,20,15,7,8,220.0,91,30,64,46.9,14,31,45.2,17,17,100.0,6,25,31,10,12,9,3,27,167,0,0,49,,,,,,,,,,,,,,,,,,,,,,,,,,,2008-09
29,Alexis Ajinca,CHA,21,29,9,20,178.2,68,25,66,37.9,0,2,0.0,18,26,69.2,9,20,29,3,11,7,6,33,135,0,0,11,,,,,,,,,,,,,,,,,,,,,,,,,,,2008-09
1,Tyreke Evans,SAC,20,47,17,30,1735.0,955,348,756,46.0,24,92,26.1,235,298,78.9,45,179,224,242,135,73,22,127,1737,4,0,-204,,,,,,,,,,,,,,,,,,,,,,,,,,,2009-10
2,Brandon Jennings,MIL,20,51,24,27,1727.1,861,311,828,37.6,92,241,38.2,147,183,80.3,31,147,178,316,131,64,15,121,1655,2,0,18,,,,,,,,,,,,,,,,,,,,,,,,,,,2009-10
3,Stephen Curry,GSW,22,51,14,37,1760.4,757,284,622,45.7,89,205,43.4,100,115,87.0,21,175,196,250,136,95,13,171,1555,3,1,-114,,,,,,,,,,,,,,,,,,,,,,,,,,,2009-10
4,Jonny Flynn,MIN,21,53,13,40,1550.5,736,268,641,41.8,49,142,34.5,151,184,82.1,17,113,130,229,146,56,2,74,1264,0,0,-369,,,,,,,,,,,,,,,,,,,,,,,,,,,2009-10
5,Omri Casspi,SAC,22,50,17,33,1395.6,603,225,478,47.1,60,156,38.5,93,139,66.9,47,205,252,68,69,37,14,96,1091,4,0,-58,,,,,,,,,,,,,,,,,,,,,,,,,,,2009-10
6,James Harden,OKC,20,51,30,21,1156.0,496,154,399,38.6,62,164,37.8,126,156,80.8,33,129,162,104,65,51,11,130,967,0,0,102,,,,,,,,,,,,,,,,,,,,,,,,,,,2009-10
7,Ty Lawson,DEN,22,49,32,17,1099.4,464,169,330,51.2,30,70,42.9,96,122,78.7,37,69,106,170,65,40,2,78,907,0,0,153,,,,,,,,,,,,,,,,,,,,,,,,,,,2009-10
8,Taj Gibson,CHI,25,51,25,26,1255.6,407,171,362,47.2,0,0,0.0,65,105,61.9,122,206,328,35,64,30,56,174,1047,5,0,-86,,,,,,,,,,,,,,,,,,,,,,,,,,,2009-10
9,Darren Collison,NOH,22,47,25,22,950.2,398,155,355,43.7,18,53,34.0,70,82,85.4,21,74,95,181,94,37,2,49,807,3,0,-101,,,,,,,,,,,,,,,,,,,,,,,,,,,2009-10
10,DeMar DeRozan,TOR,20,47,25,22,995.5,389,146,310,47.1,4,14,28.6,93,121,76.9,41,99,140,31,41,30,16,108,701,0,0,-66,,,,,,,,,,,,,,,,,,,,,,,,,,,2009-10
11,Wayne Ellington,MIN,22,51,13,38,913.9,326,130,302,43.0,36,99,36.4,30,37,81.1,26,87,113,48,46,16,2,47,542,0,0,-117,,,,,,,,,,,,,,,,,,,,,,,,,,,2009-10
12,Terrence Williams,NJN,23,49,3,46,976.5,310,123,336,36.6,16,57,28.1,48,68,70.6,19,160,179,96,72,28,3,81,690,4,0,-201,,,,,,,,,,,,,,,,,,,,,,,,,,,2009-10
13,Tyler Hansbrough,IND,24,29,11,18,510.8,246,81,225,36.0,0,4,0.0,84,113,74.3,60,78,138,28,21,17,8,70,508,3,0,-56,,,,,,,,,,,,,,,,,,,,,,,,,,,2009-10
14,Eric Maynor,OKC,23,50,33,17,730.5,239,97,238,40.8,13,45,28.9,32,43,74.4,15,62,77,149,55,28,6,63,602,1,0,46,,,,,,,,,,,,,,,,,,,,,,,,,,,2009-10
15,Jrue Holiday,PHI,20,43,17,26,779.2,231,87,228,38.2,26,72,36.1,31,39,79.5,25,62,87,114,61,34,9,77,574,0,0,-52,,,,,,,,,,,,,,,,,,,,,,,,,,,2009-10
16,Serge Ibaka,OKC,20,43,25,18,707.3,219,97,189,51.3,1,1,100.0,24,45,53.3,75,137,212,6,40,15,44,102,619,1,0,-15,,,,,,,,,,,,,,,,,,,,,,,,,,,2009-10
17,Austin Daye,DET,22,43,14,29,566.1,204,83,182,45.6,18,57,31.6,20,29,69.0,22,85,107,19,29,13,19,70,428,0,0,-56,,,,,,,,,,,,,,,,,,,,,,,,,,,2009-10
18,Toney Douglas,NYK,24,29,12,17,374.0,184,74,153,48.4,24,67,35.8,12,14,85.7,12,20,32,25,25,13,1,45,277,0,0,-82,,,,,,,,,,,,,,,,,,,,,,,,,,,2009-10
19,Rodrigue Beaubois,DAL,22,34,20,14,363.2,172,68,138,49.3,21,51,41.2,15,19,78.9,7,30,37,40,35,16,4,47,301,0,0,18,,,,,,,,,,,,,,,,,,,,,,,,,,,2009-10
20,DeMarre Carroll,MEM,23,48,24,24,609.4,161,66,165,40.0,0,6,0.0,29,46,63.0,40,65,105,27,23,20,6,89,383,0,0,-84,,,,,,,,,,,,,,,,,,,,,,,,,,,2009-10
21,Jeff Teague,ATL,22,45,30,15,435.6,132,51,149,34.2,4,20,20.0,26,29,89.7,3,39,42,78,32,23,9,53,363,0,0,-13,,,,,,,,,,,,,,,,,,,,,,,,,,,2009-10
22,Hasheem Thabeet,MEM,23,47,24,23,504.8,125,47,79,59.5,0,0,0.0,31,52,59.6,50,92,142,4,22,10,56,94,477,0,0,-51,,,,,,,,,,,,,,,,,,,,,,,,,,,2009-10
23,James Johnson,CHI,23,39,18,21,368.8,111,39,102,38.2,6,20,30.0,27,31,87.1,20,44,64,14,30,10,16,65,257,0,0,-87,,,,,,,,,,,,,,,,,,,,,,,,,,,2009-10
24,Earl Clark,PHX,22,36,24,12,302.5,101,43,116,37.1,1,3,33.3,14,22,63.6,12,29,41,17,20,6,11,18,207,0,0,-47,,,,,,,,,,,,,,,,,,,,,,,,,,,2009-10
25,Jordan Hill,HOU,22,22,5,17,220.0,91,40,85,47.1,0,2,0.0,11,15,73.3,29,26,55,7,10,10,9,33,215,0,0,-5,,,,,,,,,,,,,,,,,,,,,,,,,,,2009-10
26,Gerald Henderson,CHA,22,28,15,13,219.7,70,22,64,34.4,4,14,28.6,22,29,75.9,8,22,30,8,9,5,5,16,139,0,0,3,,,,,,,,,,,,,,,,,,,,,,,,,,,2009-10
27,Byron Mullens,OKC,21,9,7,2,36.6,10,5,12,41.7,0,0,0.0,0,0,0.0,3,5,8,1,4,2,0,9,23,0,0,-17,,,,,,,,,,,,,,,,,,,,,,,,,,,2009-10
1,Blake Griffin,LAC,22,56,21,35,2122.7,1276,488,956,51.0,7,15,46.7,293,475,61.7,207,497,704,196,155,38,29,166,2461,46,0,-68,,,,,,,,,,,,,,,,,,,,,,,,,,,2010-11
2,DeMarcus Cousins,SAC,20,52,12,40,1415.0,730,281,648,43.4,3,11,27.3,165,244,67.6,142,287,429,95,152,46,41,210,1496,14,0,-145,,,,,,,,,,,,,,,,,,,,,,,,,,,2010-11
3,John Wall,WAS,20,42,12,30,1549.9,631,226,552,40.9,26,84,31.0,153,205,74.6,14,162,176,373,154,71,18,106,1515,18,1,-250,,,,,,,,,,,,,,,,,,,,,,,,,,,2010-11
4,Wesley Johnson,MIN,23,55,13,42,1426.4,482,187,453,41.3,69,193,35.8,39,58,67.2,36,117,153,107,72,36,35,128,967,0,0,-78,,,,,,,,,,,,,,,,,,,,,,,,,,,2010-11
5,Greg Monroe,DET,21,55,21,34,1392.6,409,165,312,52.9,0,0,0.0,79,140,56.4,140,212,352,49,53,52,26,127,1086,7,0,-136,,,,,,,,,,,,,,,,,,,,,,,,,,,2010-11
6,Evan Turner,PHI,22,54,27,27,1329.0,388,153,374,40.9,10,37,27.0,72,90,80.0,24,213,237,113,54,34,9,100,917,2,0,-39,,,,,,,,,,,,,,,,,,,,,,,,,,,2010-11
7,Eric Bledsoe,LAC,21,56,21,35,1349.6,368,139,345,40.3,20,83,24.1,70,90,77.8,48,120,168,215,132,59,22,99,1003,1,0,-176,,,,,,,,,,,,,,,,,,,,,,,,,,,2010-11
8,Derrick Favors,UTA,19,56,17,39,1091.4,353,141,276,51.1,0,0,0.0,71,116,61.2,126,171,297,21,56,18,41,183,862,2,0,-153,,,,,,,,,,,,,,,,,,,,,,,,,,,2010-11
9,Al-Farouq Aminu,LAC,20,55,20,35,963.6,332,115,297,38.7,38,111,34.2,64,87,73.6,56,131,187,38,77,44,17,83,719,0,0,-132,,,,,,,,,,,,,,,,,,,,,,,,,,,2010-11
10,Paul George,IND,21,33,16,17,611.8,264,95,207,45.9,26,85,30.6,48,63,76.2,18,88,106,32,25,29,11,64,534,0,0,-45,,,,,,,,,,,,,,,,,,,,,,,,,,,2010-11
11,Ed Davis,TOR,22,39,9,30,861.6,245,108,183,59.0,0,0,0.0,29,56,51.8,97,165,262,17,19,18,42,106,746,5,0,-199,,,,,,,,,,,,,,,,,,,,,,,,,,,2010-11
12,Trevor Booker,WAS,23,48,13,35,631.5,183,76,144,52.8,0,0,0.0,31,47,66.0,56,83,139,17,28,19,23,74,473,2,0,-88,,,,,,,,,,,,,,,,,,,,,,,,,,,2010-11
13,Gordon Hayward,UTA,21,49,26,23,626.7,178,64,140,45.7,11,30,36.7,39,54,72.2,29,55,84,34,36,12,11,64,363,0,0,-95,,,,,,,,,,,,,,,,,,,,,,,,,,,2010-11
14,Greivis Vasquez,MEM,24,51,29,22,649.3,174,64,174,36.8,17,67,25.4,29,36,80.6,11,48,59,117,52,17,2,68,425,0,0,-30,,,,,,,,,,,,,,,,,,,,,,,,,,,2010-11
15,Christian Eyenga,CLE,22,20,2,18,513.8,171,75,169,44.4,10,46,21.7,11,16,68.8,18,47,65,22,28,21,19,47,374,0,0,-150,,,,,,,,,,,,,,,,,,,,,,,,,,,2010-11
16,Tiago Splitter,SAS,26,41,35,6,460.0,170,57,112,50.9,0,1,0.0,56,94,59.6,38,74,112,18,24,15,11,60,385,0,0,-49,,,,,,,,,,,,,,,,,,,,,,,,,,,2010-11
17,Xavier Henry,MEM,20,37,19,18,519.2,161,63,156,40.4,2,17,11.8,33,52,63.5,9,28,37,18,13,11,3,48,261,0,0,-48,,,,,,,,,,,,,,,,,,,,,,,,,,,2010-11
18,Larry Sanders,MIL,22,36,16,20,485.7,147,64,152,42.1,0,0,0.0,19,31,61.3,35,68,103,6,18,11,44,60,427,1,0,-82,,,,,,,,,,,,,,,,,,,,,,,,,,,2010-11
19,Quincy Pondexter,NOH,23,45,25,20,481.7,120,49,117,41.9,12,31,38.7,10,14,71.4,13,45,58,15,11,11,5,49,249,0,0,-36,,,,,,,,,,,,,,,,,,,,,,,,,,,2010-11
20,Patrick Patterson,HOU,22,27,12,15,339.5,116,53,96,55.2,0,2,0.0,10,15,66.7,32,43,75,16,15,5,14,23,272,1,0,-54,,,,,,,,,,,,,,,,,,,,,,,,,,,2010-11
21,Ekpe Udoh,GSW,24,31,18,13,421.5,91,38,80,47.5,0,0,0.0,15,24,62.5,27,47,74,20,21,8,28,58,297,0,0,69,,,,,,,,,,,,,,,,,,,,,,,,,,,2010-11
22,Jordan Crawford,WAS,22,16,9,7,160.1,67,27,77,35.1,9,27,33.3,4,6,66.7,9,19,28,15,15,3,0,13,117,0,0,-34,,,,,,,,,,,,,,,,,,,,,,,,,,,2010-11
22,Kevin Seraphin,WAS,21,30,7,23,267.8,67,27,66,40.9,0,0,0.0,13,18,72.2,40,26,66,5,19,4,17,58,198,0,0,-94,,,,,,,,,,,,,,,,,,,,,,,,,,,2010-11
24,Lazar Hayward,MIN,24,24,7,17,210.3,63,20,70,28.6,9,31,29.0,14,17,82.4,13,18,31,17,10,6,5,30,149,0,0,-63,,,,,,,,,,,,,,,,,,,,,,,,,,,2010-11
25,Damion James,NJN,23,17,5,12,218.6,53,21,60,35.0,0,2,0.0,11,18,61.1,8,41,49,10,13,5,7,16,150,0,0,-26,,,,,,,,,,,,,,,,,,,,,,,,,,,2010-11
26,James Anderson,SAS,22,9,7,2,116.6,47,16,37,43.2,11,22,50.0,4,6,66.7,0,7,7,10,5,2,3,10,80,0,0,-25,,,,,,,,,,,,,,,,,,,,,,,,,,,2010-11
27,Dominique Jones,DAL,22,18,10,8,135.1,42,14,45,31.1,0,4,0.0,14,17,82.4,6,19,25,19,10,5,3,7,115,0,0,-21,,,,,,,,,,,,,,,,,,,,,,,,,,,2010-11
28,Luke Babbitt,POR,22,19,9,10,91.3,21,9,31,29.0,1,11,9.1,2,7,28.6,2,14,16,2,5,2,1,9,47,0,0,-21,,,,,,,,,,,,,,,,,,,,,,,,,,,2010-11
29,Avery Bradley,BOS,20,17,13,4,69.6,17,6,22,27.3,0,1,0.0,5,10,50.0,3,3,6,5,9,5,0,10,38,0,0,-18,,,,,,,,,,,,,,,,,,,,,,,,,,,2010-11
30,Craig Brackins,PHI,23,2,0,2,20.8,8,4,11,36.4,0,3,0.0,0,0,0.0,2,1,3,0,0,1,0,2,15,0,0,-6,,,,,,,,,,,,,,,,,,,,,,,,,,,2010-11
31,Cole Aldrich,OKC,22,7,3,4,54.7,7,3,6,50.0,0,0,0.0,1,2,50.0,4,9,13,1,4,3,1,12,32,0,0,-9,,,,,,,,,,,,,,,,,,,,,,,,,,,2010-11
1,Kyrie Irving,CLE,20,28,12,16,868.3,508,189,397,47.6,34,82,41.5,96,112,85.7,26,71,97,144,87,23,16,66,870,0,0,-62,,,,,,,,,,,,,,,,,,,,,,,,,,,2011-12
2,Brandon Knight,DET,20,35,11,24,1112.9,449,168,407,41.3,55,144,38.2,58,71,81.7,18,103,121,123,90,24,5,93,776,2,0,-181,,,,,,,,,,,,,,,,,,,,,,,,,,,2011-12
3,Kemba Walker,CHA,22,32,4,28,933.9,424,146,395,37.0,40,116,34.5,92,115,80.0,16,107,123,122,57,34,10,40,830,1,1,-323,,,,,,,,,,,,,,,,,,,,,,,,,,,2011-12
4,Ricky Rubio,MIN,21,34,17,17,1185.6,385,124,331,37.5,29,82,35.4,108,133,81.2,11,134,145,284,115,80,7,79,1131,11,0,66,,,,,,,,,,,,,,,,,,,,,,,,,,,2011-12
5,MarShon Brooks,NJN,23,25,6,19,761.1,365,138,314,43.9,32,90,35.6,57,74,77.0,40,67,107,50,47,27,9,62,629,1,0,-124,,,,,,,,,,,,,,,,,,,,,,,,,,,2011-12
6,Norris Cole,MIA,23,34,27,7,728.9,297,119,281,42.3,14,50,28.0,45,55,81.8,12,45,57,84,57,28,0,79,518,0,0,30,,,,,,,,,,,,,,,,,,,,,,,,,,,2011-12
7,Iman Shumpert,NYK,22,28,15,13,844.2,289,113,301,37.5,22,82,26.8,41,48,85.4,17,77,94,90,70,56,7,88,656,0,0,-12,,,,,,,,,,,,,,,,,,,,,,,,,,,2011-12
8,Markieff Morris,PHX,22,34,14,20,698.4,270,101,256,39.5,31,77,40.3,37,53,69.8,41,128,169,34,32,27,25,97,648,1,0,-72,,,,,,,,,,,,,,,,,,,,,,,,,,,2011-12
9,Derrick Williams,MIN,21,34,17,17,627.1,247,91,208,43.8,12,48,25.0,53,82,64.6,42,100,142,18,34,16,13,40,497,0,0,37,,,,,,,,,,,,,,,,,,,,,,,,,,,2011-12
10,Kawhi Leonard,SAS,21,34,24,10,793.0,237,97,209,46.4,16,46,34.8,27,41,65.9,56,109,165,30,23,43,14,42,628,3,0,-46,,,,,,,,,,,,,,,,,,,,,,,,,,,2011-12
11,Jimmer Fredette,SAC,23,29,9,20,599.6,233,81,216,37.5,39,104,37.5,32,36,88.9,11,23,34,56,38,17,0,35,371,0,0,-160,,,,,,,,,,,,,,,,,,,,,,,,,,,2011-12
12,Klay Thompson,GSW,22,30,13,17,496.4,215,85,188,45.2,38,84,45.2,7,8,87.5,8,40,48,38,33,14,7,66,360,0,0,-52,,,,,,,,,,,,,,,,,,,,,,,,,,,2011-12
13,Tristan Thompson,CLE,21,25,10,15,464.5,174,71,165,43.0,0,0,0.0,32,73,43.8,62,81,143,5,30,9,29,48,437,2,0,-58,,,,,,,,,,,,,,,,,,,,,,,,,,,2011-12
14,Nikola Vucevic,PHI,21,25,13,12,424.6,165,78,144,54.2,3,6,50.0,6,11,54.5,41,83,124,15,18,13,21,57,420,0,0,75,,,,,,,,,,,,,,,,,,,,,,,,,,,2011-12
15,Enes Freedom,UTA,20,32,15,17,463.5,161,63,135,46.7,0,0,0.0,35,52,67.3,66,99,165,3,28,10,16,38,414,0,0,-47,,,,,,,,,,,,,,,,,,,,,,,,,,,2011-12
16,Alec Burks,UTA,20,27,13,14,323.9,157,56,133,42.1,5,13,38.5,40,57,70.2,22,25,47,17,17,9,1,33,252,0,0,28,,,,,,,,,,,,,,,,,,,,,,,,,,,2011-12
17,Chris Singleton,WAS,22,33,7,26,620.9,124,49,131,37.4,16,50,32.0,10,15,66.7,15,77,92,20,18,36,13,83,393,0,0,-120,,,,,,,,,,,,,,,,,,,,,,,,,,,2011-12
18,Bismack Biyombo,CHA,19,31,4,27,520.2,117,47,96,49.0,0,0,0.0,23,55,41.8,47,95,142,10,30,10,52,65,458,2,0,-202,,,,,,,,,,,,,,,,,,,,,,,,,,,2011-12
19,Tobias Harris,MIL,19,19,7,12,212.7,111,39,83,47.0,3,9,33.3,30,37,81.1,18,22,40,8,13,7,5,22,194,0,0,12,,,,,,,,,,,,,,,,,,,,,,,,,,,2011-12
20,Kenneth Faried,DEN,22,15,7,8,254.9,108,41,76,53.9,0,0,0.0,26,36,72.2,34,57,91,6,13,7,17,29,285,2,0,-22,,,,,,,,,,,,,,,,,,,,,,,,,,,2011-12
21,Reggie Jackson,OKC,22,28,22,6,332.5,104,36,106,34.0,9,40,22.5,23,27,85.2,6,24,30,47,27,20,1,27,247,0,0,3,,,,,,,,,,,,,,,,,,,,,,,,,,,2011-12
22,JaJuan Johnson,BOS,23,19,9,10,180.8,80,38,71,53.5,0,0,0.0,4,7,57.1,10,21,31,4,7,3,9,16,152,0,0,-11,,,,,,,,,,,,,,,,,,,,,,,,,,,2011-12
23,Jan Vesely,WAS,22,26,7,19,402.5,75,34,68,50.0,0,0,0.0,7,19,36.8,35,45,80,17,26,17,12,77,258,0,0,-70,,,,,,,,,,,,,,,,,,,,,,,,,,,2011-12
24,Elliot Williams,POR,23,19,11,8,107.1,65,27,50,54.0,5,17,29.4,6,16,37.5,4,11,15,2,4,4,3,10,103,0,0,-13,,,,,,,,,,,,,,,,,,,,,,,,,,,2011-12
25,Jimmy Butler,CHI,22,20,15,5,150.6,50,14,28,50.0,1,2,50.0,21,26,80.8,10,13,23,5,6,8,4,11,115,0,0,1,,,,,,,,,,,,,,,,,,,,,,,,,,,2011-12
26,Jordan Hamilton,DEN,21,10,4,6,100.1,46,17,44,38.6,10,23,43.5,2,3,66.7,6,24,30,5,9,2,1,6,90,0,0,6,,,,,,,,,,,,,,,,,,,,,,,,,,,2011-12
27,Cory Joseph,SAS,20,24,17,7,194.3,43,17,49,34.7,2,8,25.0,7,11,63.6,2,12,14,28,9,4,2,13,111,0,0,-69,,,,,,,,,,,,,,,,,,,,,,,,,,,2011-12
28,Nolan Smith,POR,23,20,11,9,135.3,38,13,45,28.9,3,11,27.3,9,15,60.0,3,13,16,20,15,6,1,16,93,0,0,-30,,,,,,,,,,,,,,,,,,,,,,,,,,,2011-12
29,Marcus Morris Sr.,HOU,22,3,1,2,17.4,5,2,10,20.0,0,4,0.0,1,2,50.0,2,0,2,0,0,0,0,2,7,0,0,-6,,,,,,,,,,,,,,,,,,,,,,,,,,,2011-12
30,Daniel Orton,ORL,21,2,1,1,5.6,2,0,0,0.0,0,0,0.0,2,2,100.0,0,0,0,0,0,0,0,0,2,0,0,-7,,,,,,,,,,,,,,,,,,,,,,,,,,,2011-12
1,Damian Lillard,POR,22,53,25,28,2037.5,969,343,820,41.8,116,331,35.0,167,195,85.6,27,145,172,342,160,53,15,109,1732,6,0,-45,,,,,,,,,,,,,,,,,,,,,,,,,,,2012-13
2,Dion Waiters,CLE,21,45,15,30,1325.8,637,239,603,39.6,50,162,30.9,109,142,76.8,15,99,114,142,93,48,9,89,1065,0,0,-116,,,,,,,,,,,,,,,,,,,,,,,,,,,2012-13
3,Bradley Beal,WAS,20,44,13,31,1361.6,582,210,534,39.3,66,181,36.5,96,121,79.3,27,116,143,109,68,39,22,81,1032,1,0,-132,,,,,,,,,,,,,,,,,,,,,,,,,,,2012-13
4,Anthony Davis,NOH,20,40,16,24,1111.3,499,206,401,51.4,0,5,0.0,87,124,70.2,91,207,298,36,58,47,75,94,1219,9,0,-113,,,,,,,,,,,,,,,,,,,,,,,,,,,2012-13
5,Harrison Barnes,GSW,21,51,29,22,1316.8,476,177,394,44.9,37,101,36.6,85,117,72.6,29,185,214,76,61,32,10,91,912,3,0,20,,,,,,,,,,,,,,,,,,,,,,,,,,,2012-13
6,Michael Kidd-Gilchrist,CHA,19,49,11,38,1268.8,445,173,380,45.5,2,9,22.2,97,127,76.4,83,198,281,75,70,38,49,112,1086,3,0,-191,,,,,,,,,,,,,,,,,,,,,,,,,,,2012-13
7,Tyler Zeller,CLE,23,49,16,33,1350.9,394,151,360,41.9,0,2,0.0,92,120,76.7,113,189,302,68,67,24,47,158,1004,4,0,-201,,,,,,,,,,,,,,,,,,,,,,,,,,,2012-13
8,Andrew Nicholson,ORL,23,49,14,35,774.7,383,168,312,53.8,0,0,0.0,47,59,79.7,44,130,174,22,50,15,20,90,680,1,0,-33,,,,,,,,,,,,,,,,,,,,,,,,,,,2012-13
9,Andre Drummond,DET,19,50,18,32,985.8,365,161,272,59.2,1,2,50.0,42,115,36.5,143,232,375,23,40,47,84,105,1203,8,0,-10,,,,,,,,,,,,,,,,,,,,,,,,,,,2012-13
10,Terrence Ross,TOR,22,50,20,30,846.0,322,129,323,39.9,50,151,33.1,14,23,60.9,25,78,103,40,35,30,11,89,594,0,0,-36,,,,,,,,,,,,,,,,,,,,,,,,,,,2012-13
11,Austin Rivers,NOH,20,52,19,33,1209.6,314,118,337,35.0,24,76,31.6,54,97,55.7,14,80,94,112,69,24,9,105,625,0,0,-142,,,,,,,,,,,,,,,,,,,,,,,,,,,2012-13
12,Jared Sullinger,BOS,21,45,22,23,891.5,270,111,225,49.3,1,5,20.0,47,63,74.6,92,172,264,35,29,22,22,154,742,4,0,42,,,,,,,,,,,,,,,,,,,,,,,,,,,2012-13
13,Jonas Valanciunas,TOR,21,35,14,21,752.6,254,100,189,52.9,0,0,0.0,54,74,73.0,70,117,187,32,47,11,39,104,629,5,0,-88,,,,,,,,,,,,,,,,,,,,,,,,,,,2012-13
14,Thomas Robinson,HOU,22,50,18,32,798.6,245,102,239,42.7,0,0,0.0,41,71,57.7,90,141,231,35,65,25,21,94,648,3,0,-147,,,,,,,,,,,,,,,,,,,,,,,,,,,2012-13
15,John Henson,MIL,22,39,17,22,498.4,232,100,213,46.9,0,3,0.0,32,64,50.0,65,101,166,17,25,9,22,57,525,3,0,-40,,,,,,,,,,,,,,,,,,,,,,,,,,,2012-13
16,Maurice Harkless,ORL,20,46,13,33,901.3,222,96,210,45.7,6,35,17.1,24,42,57.1,53,123,176,26,26,39,35,61,668,1,0,-225,,,,,,,,,,,,,,,,,,,,,,,,,,,2012-13
17,Meyers Leonard,POR,21,41,20,21,607.4,171,66,122,54.1,0,3,0.0,39,46,84.8,45,83,128,10,23,10,24,85,419,0,0,-106,,,,,,,,,,,,,,,,,,,,,,,,,,,2012-13
18,John Jenkins,ATL,22,35,17,18,448.7,167,60,139,43.2,28,68,41.2,19,22,86.4,10,36,46,23,17,3,6,23,267,0,0,-93,,,,,,,,,,,,,,,,,,,,,,,,,,,2012-13
19,Festus Ezeli,GSW,23,48,27,21,733.6,125,51,118,43.2,0,0,0.0,23,46,50.0,89,94,183,13,49,18,46,108,507,0,0,-64,,,,,,,,,,,,,,,,,,,,,,,,,,,2012-13
20,Evan Fournier,DEN,20,23,12,11,199.6,84,32,66,48.5,13,29,44.8,7,15,46.7,4,7,11,18,20,5,0,34,119,0,0,-38,,,,,,,,,,,,,,,,,,,,,,,,,,,2012-13
21,Joel Freeland,POR,26,31,9,22,284.2,74,32,79,40.5,0,0,0.0,10,15,66.7,26,42,68,8,13,8,6,43,197,0,0,-46,,,,,,,,,,,,,,,,,,,,,,,,,,,2012-13
22,Victor Claver,POR,24,29,15,14,382.1,72,29,85,34.1,9,39,23.1,5,13,38.5,23,39,62,17,22,13,3,25,198,0,0,-15,,,,,,,,,,,,,,,,,,,,,,,,,,,2012-13
23,Marquis Teague,CHI,20,31,16,15,221.8,60,27,69,39.1,0,7,0.0,6,10,60.0,1,19,20,38,20,5,3,27,145,0,0,22,,,,,,,,,,,,,,,,,,,,,,,,,,,2012-13
24,Tony Wroten,MEM,20,17,12,5,149.8,57,20,56,35.7,1,8,12.5,16,20,80.0,9,11,20,25,13,6,4,12,136,0,0,-10,,,,,,,,,,,,,,,,,,,,,,,,,,,2012-13
25,Arnett Moultrie,PHI,22,19,9,10,163.3,46,19,39,48.7,0,0,0.0,8,16,50.0,24,21,45,2,2,8,3,10,134,0,0,-32,,,,,,,,,,,,,,,,,,,,,,,,,,,2012-13
25,Donatas Motiejunas,HOU,22,18,11,7,75.4,46,18,35,51.4,4,12,33.3,6,11,54.5,4,6,10,5,4,2,2,12,74,0,0,2,,,,,,,,,,,,,,,,,,,,,,,,,,,2012-13
27,Perry Jones III,OKC,21,25,20,5,166.4,43,21,56,37.5,0,2,0.0,1,2,50.0,5,29,34,10,13,1,4,17,101,0,0,-38,,,,,,,,,,,,,,,,,,,,,,,,,,,2012-13
28,Kendall Marshall,PHX,21,19,4,15,209.7,39,15,37,40.5,8,21,38.1,1,2,50.0,2,6,8,29,17,5,0,14,90,0,0,-57,,,,,,,,,,,,,,,,,,,,,,,,,,,2012-13
29,Terrence Jones,HOU,21,11,5,6,90.6,34,13,34,38.2,2,8,25.0,6,6,100.0,7,11,18,6,3,3,4,3,83,0,0,-23,,,,,,,,,,,,,,,,,,,,,,,,,,,2012-13
30,Jeremy Lamb,OKC,21,16,15,1,64.5,27,9,28,32.1,6,14,42.9,3,3,100.0,1,5,6,2,4,1,0,9,36,0,0,-29,,,,,,,,,,,,,,,,,,,,,,,,,,,2012-13
31,Jared Cunningham,DAL,22,8,4,4,25.7,16,6,14,42.9,2,3,66.7,2,2,100.0,1,2,3,1,2,1,0,3,22,0,0,-9,,,,,,,,,,,,,,,,,,,,,,,,,,,2012-13
32,Miles Plumlee,IND,24,8,5,3,28.8,6,2,11,18.2,0,0,0.0,2,2,100.0,7,4,11,2,2,0,2,4,26,0,0,-1,,,,,,,,,,,,,,,,,,,,,,,,,,,2012-13
33,Fab Melo,BOS,23,2,2,0,7.6,2,1,2,50.0,0,0,0.0,0,0,0.0,0,0,0,0,0,1,1,2,8,0,0,-7,,,,,,,,,,,,,,,,,,,,,,,,,,,2012-13
1,Victor Oladipo,ORL,22,54,16,38,1723.3,748,260,634,41.0,47,155,30.3,181,233,77.7,30,206,236,214,171,88,35,148,1550,4,1,-264,,,,,,,,,,,,,,,,,,,,,,,,,,,2013-14
2,Michael Carter-Williams,PHI,22,42,14,28,1452.5,719,258,651,39.6,41,141,29.1,162,230,70.4,62,164,226,272,149,89,30,124,1606,10,1,-243,,,,,,,,,,,,,,,,,,,,,,,,,,,2013-14
3,Trey Burke,UTA,21,40,18,22,1232.2,499,188,511,36.8,64,190,33.7,59,65,90.8,19,103,122,219,77,23,5,81,981,4,0,-124,,,,,,,,,,,,,,,,,,,,,,,,,,,2013-14
4,Tim Hardaway Jr.,NYK,22,51,20,31,1067.7,467,170,377,45.1,75,195,38.5,52,65,80.0,12,63,75,45,30,25,6,70,688,0,0,-133,,,,,,,,,,,,,,,,,,,,,,,,,,,2013-14
5,Ben McLemore,SAC,21,53,18,35,1236.1,403,146,399,36.6,57,172,33.1,54,68,79.4,34,113,147,52,54,27,9,120,711,0,0,-102,,,,,,,,,,,,,,,,,,,,,,,,,,,2013-14
6,Kentavious Caldwell-Pope,DET,21,50,21,29,1185.4,337,132,336,39.3,43,137,31.4,30,40,75.0,20,85,105,45,22,52,6,106,683,0,0,-9,,,,,,,,,,,,,,,,,,,,,,,,,,,2013-14
7,Giannis Antetokounmpo,MIL,19,47,8,39,1133.3,326,111,260,42.7,22,70,31.4,82,121,67.8,49,163,212,81,78,33,34,110,825,2,0,-174,,,,,,,,,,,,,,,,,,,,,,,,,,,2013-14
8,Kelly Olynyk,BOS,23,44,13,31,816.2,303,116,271,42.8,17,60,28.3,54,67,80.6,79,126,205,69,64,19,19,137,703,2,0,-41,,,,,,,,,,,,,,,,,,,,,,,,,,,2013-14
9,Cody Zeller,CHA,21,53,23,30,884.4,267,98,258,38.0,0,1,0.0,71,96,74.0,66,147,213,58,53,25,22,115,698,0,0,-94,,,,,,,,,,,,,,,,,,,,,,,,,,,2013-14
10,Mason Plumlee,BKN,24,41,18,23,638.1,255,91,144,63.2,0,2,0.0,73,115,63.5,39,95,134,15,31,28,31,89,584,2,0,-86,,,,,,,,,,,,,,,,,,,,,,,,,,,2013-14
10,Tony Snell,CHI,22,47,25,22,881.7,255,95,247,38.5,45,139,32.4,20,28,71.4,15,77,92,44,32,20,12,45,495,0,0,-118,,,,,,,,,,,,,,,,,,,,,,,,,,,2013-14
12,Steven Adams,OKC,20,55,43,12,794.2,184,63,132,47.7,0,0,0.0,58,95,61.1,105,127,232,35,54,25,42,145,662,1,0,17,,,,,,,,,,,,,,,,,,,,,,,,,,,2013-14
13,Anthony Bennett,CLE,21,41,16,25,513.1,154,54,170,31.8,11,43,25.6,35,55,63.6,37,78,115,11,37,18,7,81,347,1,0,-89,,,,,,,,,,,,,,,,,,,,,,,,,,,2013-14
14,CJ McCollum,POR,22,17,9,8,259.2,118,44,99,44.4,18,43,41.9,12,17,70.6,2,21,23,15,18,7,2,30,177,0,0,0,,,,,,,,,,,,,,,,,,,,,,,,,,,2013-14
14,Shane Larkin,DAL,21,36,19,17,437.4,118,46,124,37.1,11,36,30.6,15,23,65.2,11,29,40,64,37,22,1,38,294,0,0,79,,,,,,,,,,,,,,,,,,,,,,,,,,,2013-14
16,Archie Goodwin,PHX,19,37,23,14,387.0,113,45,118,38.1,3,28,10.7,20,29,69.0,14,48,62,15,33,13,8,27,240,0,0,-86,,,,,,,,,,,,,,,,,,,,,,,,,,,2013-14
17,Dennis Schroder,ATL,20,23,11,12,306.7,89,34,87,39.1,3,14,21.4,18,24,75.0,1,26,27,45,32,9,0,24,184,0,0,-80,,,,,,,,,,,,,,,,,,,,,,,,,,,2013-14
18,Rudy Gobert,UTA,22,26,5,21,313.9,67,20,44,45.5,0,0,0.0,27,53,50.9,38,72,110,6,24,6,25,46,277,0,0,-4,,,,,,,,,,,,,,,,,,,,,,,,,,,2013-14
19,Reggie Bullock Jr.,LAC,23,25,18,7,214.9,60,23,57,40.4,10,33,30.3,4,5,80.0,6,23,29,6,8,2,1,13,105,0,0,48,,,,,,,,,,,,,,,,,,,,,,,,,,,2013-14
20,Alex Len,PHX,21,21,11,10,191.2,46,18,41,43.9,0,0,0.0,10,13,76.9,24,32,56,1,11,3,8,38,137,0,0,-15,,,,,,,,,,,,,,,,,,,,,,,,,,,2013-14
21,Gorgui Dieng,MIN,24,33,18,15,204.8,45,18,47,38.3,0,0,0.0,9,21,42.9,22,50,72,9,16,10,17,45,210,0,0,-60,,,,,,,,,,,,,,,,,,,,,,,,,,,2013-14
22,Shabazz Muhammad,MIN,21,17,10,7,81.4,39,15,40,37.5,1,7,14.3,8,11,72.7,5,7,12,2,5,2,0,8,57,0,0,-47,,,,,,,,,,,,,,,,,,,,,,,,,,,2013-14
23,Otto Porter Jr.,WAS,21,23,10,13,213.6,37,16,55,29.1,0,9,0.0,5,8,62.5,12,23,35,9,8,6,1,15,106,0,0,-12,,,,,,,,,,,,,,,,,,,,,,,,,,,2013-14
24,Andre Roberson,OKC,22,22,19,3,165.7,36,15,29,51.7,1,5,20.0,5,8,62.5,18,25,43,8,10,10,4,30,132,0,0,32,,,,,,,,,,,,,,,,,,,,,,,,,,,2013-14
25,Sergey Karasev,CLE,20,17,4,13,138.1,33,10,32,31.3,4,18,22.2,9,10,90.0,0,15,15,5,9,3,1,17,62,0,0,-43,,,,,,,,,,,,,,,,,,,,,,,,,,,2013-14
26,Solomon Hill,IND,23,18,14,4,157.7,30,11,27,40.7,4,17,23.5,4,5,80.0,8,19,27,10,9,3,2,11,83,0,0,11,,,,,,,,,,,,,,,,,,,,,,,,,,,2013-14
27,Nemanja Nedovic,GSW,23,21,14,7,134.0,24,8,35,22.9,3,16,18.8,5,6,83.3,3,12,15,12,12,0,1,13,51,0,0,-66,,,,,,,,,,,,,,,,,,,,,,,,,,,2013-14
1,Andrew Wiggins,MIN,20,53,11,42,1829.1,806,299,693,43.1,34,95,35.8,174,236,73.7,78,153,231,102,104,59,31,129,1402,1,0,-279,,,,,,,,,,,,,,,,,,,,,,,,,,,2014-15
2,Elfrid Payton,ORL,21,56,17,39,1567.0,443,184,435,42.3,4,21,19.0,71,130,54.6,65,144,209,317,137,87,10,133,1323,3,0,-149,,,,,,,,,,,,,,,,,,,,,,,,,,,2014-15
3,Nerlens Noel,PHI,21,49,12,37,1475.8,404,170,382,44.5,0,0,0.0,64,114,56.1,102,250,352,79,95,78,83,127,1333,7,0,-350,,,,,,,,,,,,,,,,,,,,,,,,,,,2014-15
4,Nikola Mirotic,CHI,24,54,34,20,925.1,385,115,291,39.5,52,151,34.4,103,132,78.0,31,198,229,59,39,30,30,111,889,3,0,45,,,,,,,,,,,,,,,,,,,,,,,,,,,2014-15
5,Zach LaVine,MIN,20,48,10,38,1040.5,366,142,343,41.4,19,67,28.4,63,78,80.8,11,91,102,154,101,36,6,94,744,2,0,-338,,,,,,,,,,,,,,,,,,,,,,,,,,,2014-15
6,Jabari Parker,MIL,20,25,13,12,738.4,308,129,263,49.0,4,16,25.0,46,66,69.7,50,88,138,42,47,31,5,42,598,2,0,-114,,,,,,,,,,,,,,,,,,,,,,,,,,,2014-15
7,Jusuf Nurkic,DEN,20,41,15,26,706.3,286,114,256,44.5,0,1,0.0,58,85,68.2,78,182,260,35,53,34,54,129,862,3,0,29,,,,,,,,,,,,,,,,,,,,,,,,,,,2014-15
8,Dante Exum,UTA,19,53,19,34,1097.1,251,92,261,35.2,49,161,30.4,18,29,62.1,16,63,79,121,62,25,7,90,561,0,0,20,,,,,,,,,,,,,,,,,,,,,,,,,,,2014-15
8,Marcus Smart,BOS,21,37,15,22,901.3,251,81,220,36.8,49,140,35.0,40,60,66.7,27,81,108,131,53,43,6,96,671,0,0,39,,,,,,,,,,,,,,,,,,,,,,,,,,,2014-15
10,Shabazz Napier,MIA,23,41,18,23,856.8,209,70,190,36.8,34,99,34.3,35,46,76.1,15,81,96,107,66,36,4,62,539,0,0,-42,,,,,,,,,,,,,,,,,,,,,,,,,,,2014-15
11,PJ Hairston,CHA,22,35,16,19,525.5,195,68,212,32.1,42,134,31.3,17,20,85.0,15,56,71,16,17,16,13,50,374,1,0,-50,,,,,,,,,,,,,,,,,,,,,,,,,,,2014-15
12,Nik Stauskas,SAC,21,50,18,32,680.0,168,57,174,32.8,24,92,26.1,30,35,85.7,7,45,52,36,20,12,10,61,330,0,0,-121,,,,,,,,,,,,,,,,,,,,,,,,,,,2014-15
13,Aaron Gordon,ORL,19,23,6,17,378.0,135,50,93,53.8,9,19,47.4,26,39,66.7,17,56,73,15,23,6,10,38,270,0,0,-92,,,,,,,,,,,,,,,,,,,,,,,,,,,2014-15
14,Rodney Hood,UTA,22,24,9,15,437.8,126,40,126,31.7,20,70,28.6,26,37,70.3,5,55,60,29,19,10,6,57,271,0,0,-23,,,,,,,,,,,,,,,,,,,,,,,,,,,2014-15
15,Gary Harris,DEN,20,26,8,18,319.5,86,28,105,26.7,12,53,22.6,18,25,72.0,13,19,32,18,17,23,4,34,215,0,0,-29,,,,,,,,,,,,,,,,,,,,,,,,,,,2014-15
16,Kyle Anderson,SAS,21,27,17,10,339.0,70,29,81,35.8,3,11,27.3,9,14,64.3,5,63,68,28,10,13,7,26,244,0,0,-22,,,,,,,,,,,,,,,,,,,,,,,,,,,2014-15
17,Doug McDermott,CHI,23,22,15,7,206.3,67,26,57,45.6,7,27,25.9,8,13,61.5,1,28,29,3,15,3,1,14,103,0,0,-41,,,,,,,,,,,,,,,,,,,,,,,,,,,2014-15
18,T.J. Warren,PHX,21,16,9,7,146.5,58,25,54,46.3,4,13,30.8,4,4,100.0,10,9,19,4,9,5,1,17,96,0,0,-19,,,,,,,,,,,,,,,,,,,,,,,,,,,2014-15
19,James Young,BOS,19,17,6,11,164.4,55,22,58,37.9,9,35,25.7,2,5,40.0,2,21,23,9,3,2,2,9,105,0,0,29,,,,,,,,,,,,,,,,,,,,,,,,,,,2014-15
20,Mitch McGary,OKC,23,5,5,0,71.3,39,15,26,57.7,0,0,0.0,9,12,75.0,12,14,26,0,4,1,1,10,72,2,0,2,,,,,,,,,,,,,,,,,,,,,,,,,,,2014-15
21,Jordan Adams,MEM,20,15,9,6,105.8,33,12,29,41.4,4,10,40.0,5,10,50.0,2,10,12,7,7,7,4,13,84,0,0,-4,,,,,,,,,,,,,,,,,,,,,,,,,,,2014-15
21,Noah Vonleh,CHA,19,11,4,7,91.1,33,11,26,42.3,1,5,20.0,10,14,71.4,9,17,26,2,4,2,4,7,81,0,0,-22,,,,,,,,,,,,,,,,,,,,,,,,,,,2014-15
23,C.J. Wilcox,LAC,24,11,7,4,61.5,31,12,25,48.0,5,12,41.7,2,2,100.0,0,3,3,4,3,2,0,3,44,0,0,10,,,,,,,,,,,,,,,,,,,,,,,,,,,2014-15
24,Tyler Ennis,MIL,20,8,3,5,58.4,22,9,21,42.9,2,6,33.3,2,2,100.0,1,6,7,14,8,0,2,3,49,0,0,2,,,,,,,,,,,,,,,,,,,,,,,,,,,2014-15
25,Bruno Caboclo,TOR,19,4,3,1,15.7,8,3,9,33.3,2,3,66.7,0,0,0.0,1,1,2,0,1,0,1,1,12,0,0,-5,,,,,,,,,,,,,,,,,,,,,,,,,,,2014-15
26,Lucas Nogueira,TOR,22,5,3,2,19.9,6,2,7,28.6,0,0,0.0,2,4,50.0,1,9,10,1,2,2,0,6,24,0,0,-9,,,,,,,,,,,,,,,,,,,,,,,,,,,2014-15
27,Adreian Payne,MIN,24,3,2,1,19.2,5,2,7,28.6,0,1,0.0,1,2,50.0,1,3,4,0,0,1,0,4,13,0,0,-19,,,,,,,,,,,,,,,,,,,,,,,,,,,2014-15
28,Julius Randle,LAL,20,1,0,1,13.6,2,1,3,33.3,0,0,0.0,0,2,0.0,0,0,0,0,1,0,0,1,1,0,0,-18,,,,,,,,,,,,,,,,,,,,,,,,,,,2014-15
29,Clint Capela,HOU,21,6,4,2,19.8,0,0,10,0.0,0,0,0.0,0,8,0.0,3,5,8,1,3,1,1,3,14,0,0,-23,,,,,,,,,,,,,,,,,,,,,,,,,,,2014-15
1,Karl-Anthony Towns,MIN,20,54,17,37,1627.3,922,380,700,54.3,18,48,37.5,144,169,85.2,152,397,549,78,113,34,98,162,1981,30,0,-87,,,,,,,,,,,,,,,,,,,,,,,,,,,2015-16
2,Jahlil Okafor,PHI,20,47,6,41,1431.0,806,345,699,49.4,0,3,0.0,116,170,68.2,113,234,347,58,110,21,56,120,1430,11,0,-419,,,,,,,,,,,,,,,,,,,,,,,,,,,2015-16
3,Kristaps Porzingis,NYK,20,54,23,31,1525.3,752,276,648,42.6,61,175,34.9,139,164,84.8,111,304,415,66,94,41,105,153,1693,18,0,45,,,,,,,,,,,,,,,,,,,,,,,,,,,2015-16
4,D'Angelo Russell,LAL,20,53,11,42,1433.9,646,250,602,41.5,81,244,33.2,65,93,69.9,30,161,191,176,128,63,9,88,1227,1,0,-239,,,,,,,,,,,,,,,,,,,,,,,,,,,2015-16
5,Devin Booker,PHX,19,48,11,37,1117.9,511,176,391,45.0,56,139,40.3,103,125,82.4,12,92,104,84,74,26,7,124,787,2,0,-197,,,,,,,,,,,,,,,,,,,,,,,,,,,2015-16
6,Stanley Johnson,DET,20,54,27,27,1295.3,490,188,482,39.0,51,162,31.5,63,80,78.8,44,183,227,89,83,39,8,138,954,3,0,-70,,,,,,,,,,,,,,,,,,,,,,,,,,,2015-16
7,Emmanuel Mudiay,DEN,20,40,18,22,1208.3,456,170,500,34.0,31,114,27.2,85,138,61.6,19,110,129,235,141,43,23,79,1020,2,0,-79,,,,,,,,,,,,,,,,,,,,,,,,,,,2015-16
8,Frank Kaminsky,CHA,23,52,26,26,1115.4,397,140,349,40.1,42,129,32.6,75,102,73.5,43,166,209,71,42,21,30,82,865,0,0,23,,,,,,,,,,,,,,,,,,,,,,,,,,,2015-16
9,Myles Turner,IND,20,31,15,16,628.2,308,131,246,53.3,0,2,0.0,46,71,64.8,37,117,154,15,25,8,43,72,643,2,0,-48,,,,,,,,,,,,,,,,,,,,,,,,,,,2015-16
10,Justise Winslow,MIA,20,50,28,22,1388.4,286,110,263,41.8,23,89,25.8,43,60,71.7,42,211,253,66,67,37,18,118,787,0,0,43,,,,,,,,,,,,,,,,,,,,,,,,,,,2015-16
11,Mario Hezonja,ORL,21,49,21,28,746.0,263,96,223,43.0,37,102,36.3,34,36,94.4,19,71,90,54,57,12,8,67,455,0,0,-15,,,,,,,,,,,,,,,,,,,,,,,,,,,2015-16
12,Willie Cauley-Stein,SAC,22,39,16,23,797.3,243,101,167,60.5,0,0,0.0,41,70,58.6,83,133,216,16,27,24,45,92,706,2,0,-11,,,,,,,,,,,,,,,,,,,,,,,,,,,2015-16
13,Jerian Grant,NYK,23,51,21,30,802.2,239,83,238,34.9,8,54,14.8,65,83,78.3,14,72,86,124,53,27,5,69,571,0,0,-90,,,,,,,,,,,,,,,,,,,,,,,,,,,2015-16
14,Larry Nance Jr.,LAL,23,40,9,31,810.9,232,105,194,54.1,1,3,33.3,21,30,70.0,60,138,198,26,27,33,10,78,611,3,0,-166,,,,,,,,,,,,,,,,,,,,,,,,,,,2015-16
15,Trey Lyles,UTA,20,50,24,26,857.5,231,91,217,41.9,20,49,40.8,29,46,63.0,43,151,194,35,39,12,11,72,546,0,0,-18,,,,,,,,,,,,,,,,,,,,,,,,,,,2015-16
16,Bobby Portis,CHI,21,32,14,18,518.9,224,96,214,44.9,7,25,28.0,25,35,71.4,54,93,147,18,31,15,13,53,480,3,0,-111,,,,,,,,,,,,,,,,,,,,,,,,,,,2015-16
17,Cameron Payne,OKC,21,37,31,6,450.3,201,80,184,43.5,31,78,39.7,10,13,76.9,7,57,64,76,24,26,5,50,461,0,0,-15,,,,,,,,,,,,,,,,,,,,,,,,,,,2015-16
18,Kelly Oubre Jr.,WAS,20,43,19,24,512.5,163,59,145,40.7,21,59,35.6,24,35,68.6,19,74,93,11,21,15,6,69,333,0,0,-64,,,,,,,,,,,,,,,,,,,,,,,,,,,2015-16
19,Rashad Vaughn,MIL,19,46,19,27,541.0,123,43,134,32.1,26,74,35.1,11,12,91.7,8,47,55,16,17,14,7,40,259,0,0,-106,,,,,,,,,,,,,,,,,,,,,,,,,,,2015-16
20,Rondae Hollis-Jefferson,BKN,21,19,5,14,418.7,99,39,81,48.1,1,5,20.0,20,30,66.7,32,84,116,27,21,27,8,42,363,2,0,-44,,,,,,,,,,,,,,,,,,,,,,,,,,,2015-16
21,Justin Anderson,DAL,22,33,16,17,286.2,90,33,84,39.3,11,43,25.6,13,19,68.4,3,50,53,10,13,10,8,23,210,0,0,11,,,,,,,,,,,,,,,,,,,,,,,,,,,2015-16
22,RJ Hunter,BOS,22,24,15,9,247.5,67,25,74,33.8,12,49,24.5,5,6,83.3,2,29,31,9,7,12,4,29,159,0,0,-31,,,,,,,,,,,,,,,,,,,,,,,,,,,2015-16
23,Tyus Jones,MIN,20,10,1,9,110.0,30,12,36,33.3,2,5,40.0,4,6,66.7,3,15,18,19,8,4,1,6,87,0,0,-72,,,,,,,,,,,,,,,,,,,,,,,,,,,2015-16
24,Terry Rozier,BOS,22,18,12,6,106.0,29,12,49,24.5,2,12,16.7,3,3,100.0,8,11,19,11,8,0,0,11,60,0,0,-8,,,,,,,,,,,,,,,,,,,,,,,,,,,2015-16
25,Delon Wright,TOR,24,14,10,4,40.9,13,4,13,30.8,2,3,66.7,3,6,50.0,1,6,7,4,3,1,0,3,27,0,0,-13,,,,,,,,,,,,,,,,,,,,,,,,,,,2015-16
26,Chris McCullough,BKN,21,2,1,1,24.8,7,3,8,37.5,1,3,33.3,0,0,0.0,1,2,3,0,3,1,1,6,14,0,0,-7,,,,,,,,,,,,,,,,,,,,,,,,,,,2015-16
27,Kevon Looney,GSW,20,2,2,0,8.2,5,2,3,66.7,1,1,100.0,0,0,0.0,0,2,2,0,0,0,0,1,7,0,0,-8,,,,,,,,,,,,,,,,,,,,,,,,,,,2015-16
28,Jarell Martin,MEM,22,2,1,1,9.3,2,1,5,20.0,0,0,0.0,0,0,0.0,0,0,0,0,0,0,0,2,2,0,0,0,,,,,,,,,,,,,,,,,,,,,,,,,,,2015-16
29,Sam Dekker,HOU,22,3,1,2,6.1,0,0,0,0.0,0,0,0.0,0,0,0.0,0,1,1,0,0,1,0,0,4,0,0,-2,,,,,,,,,,,,,,,,,,,,,,,,,,,2015-16
1,Joel Embiid,PHI,23,31,13,18,786.1,627,200,429,46.6,36,98,36.7,191,244,78.3,61,182,243,66,117,27,76,112,1210,9,0,67,,,,,,,,,,,,,,,,,,,,,,,,,,,2016-17
2,Dario Saric,PHI,23,56,21,35,1368.4,607,222,559,39.7,72,220,32.7,91,116,78.4,75,256,331,98,108,35,16,97,1196,6,0,-183,,,,,,,,,,,,,,,,,,,,,,,,,,,2016-17
3,Jamal Murray,DEN,20,56,25,31,1115.6,497,177,451,39.2,72,218,33.0,71,81,87.7,33,108,141,98,73,25,19,77,872,0,0,15,,,,,,,,,,,,,,,,,,,,,,,,,,,2016-17
4,Buddy Hield,SAC,24,57,23,34,1161.3,488,185,471,39.3,89,241,36.9,29,33,87.9,19,147,166,77,48,18,7,81,830,0,0,-150,,,,,,,,,,,,,,,,,,,,,,,,,,,2016-17
5,Brandon Ingram,LAL,19,58,19,39,1603.9,462,162,446,36.3,41,135,30.4,97,148,65.5,41,194,235,113,74,26,26,109,996,0,0,-233,,,,,,,,,,,,,,,,,,,,,,,,,,,2016-17
6,Marquese Chriss,PHX,19,57,18,39,1070.4,436,165,393,42.0,41,138,29.7,65,103,63.1,65,135,200,36,61,44,34,174,903,1,0,-227,,,,,,,,,,,,,,,,,,,,,,,,,,,2016-17
7,Domantas Sabonis,OKC,21,57,32,25,1234.8,346,142,352,40.3,39,124,31.5,23,33,69.7,35,179,214,60,65,30,23,144,787,2,0,-58,,,,,,,,,,,,,,,,,,,,,,,,,,,2016-17
8,Jaylen Brown,BOS,20,53,34,19,820.7,301,109,255,42.7,21,69,30.4,62,86,72.1,28,108,136,34,37,22,13,91,583,0,0,-64,,,,,,,,,,,,,,,,,,,,,,,,,,,2016-17
9,Caris LeVert,BKN,22,32,4,28,642.3,222,78,187,41.7,30,99,30.3,36,49,73.5,11,79,90,60,35,30,5,47,490,0,0,-71,,,,,,,,,,,,,,,,,,,,,,,,,,,2016-17
10,Pascal Siakam,TOR,23,48,31,17,805.8,210,94,187,50.3,0,4,0.0,22,32,68.8,59,107,166,15,31,23,42,103,596,0,0,-92,,,,,,,,,,,,,,,,,,,,,,,,,,,2016-17
11,Kris Dunn,MIN,23,53,21,32,881.9,190,74,204,36.3,13,49,26.5,29,50,58.0,16,99,115,135,71,47,24,110,673,0,0,-58,,,,,,,,,,,,,,,,,,,,,,,,,,,2016-17
12,Juancho Hernangomez,DEN,21,40,17,23,511.7,175,58,130,44.6,26,63,41.3,33,47,70.2,31,85,116,20,14,18,11,43,417,1,0,-28,,,,,,,,,,,,,,,,,,,,,,,,,,,2016-17
13,Timothe Luwawu-Cabarrot,PHI,22,43,16,27,493.2,160,52,132,39.4,14,45,31.1,42,55,76.4,10,51,61,33,34,10,6,68,297,0,0,-80,,,,,,,,,,,,,,,,,,,,,,,,,,,2016-17
14,Dragan Bender,PHX,19,38,11,27,481.4,121,46,124,37.1,26,81,32.1,3,8,37.5,16,66,82,17,27,9,19,60,302,1,0,1,,,,,,,,,,,,,,,,,,,,,,,,,,,2016-17
15,Taurean Prince,ATL,23,33,17,16,352.6,116,38,102,37.3,11,40,27.5,29,32,90.6,7,58,65,21,22,13,9,39,270,0,0,-19,,,,,,,,,,,,,,,,,,,,,,,,,,,2016-17
16,Dejounte Murray,SAS,20,31,24,7,242.9,112,43,97,44.3,8,19,42.1,18,25,72.0,5,26,31,31,31,5,4,21,192,0,0,-1,,,,,,,,,,,,,,,,,,,,,,,,,,,2016-17
17,Denzel Valentine,CHI,23,32,15,17,400.9,108,38,119,31.9,25,83,30.1,7,10,70.0,3,49,52,22,21,17,3,31,242,0,0,-76,,,,,,,,,,,,,,,,,,,,,,,,,,,2016-17
18,Thon Maker,MIL,20,30,14,16,218.3,105,37,74,50.0,16,32,50.0,15,25,60.0,15,35,50,5,8,6,10,35,213,0,0,-19,,,,,,,,,,,,,,,,,,,,,,,,,,,2016-17
19,Wade Baldwin IV,MEM,21,24,15,9,308.9,81,26,85,30.6,2,18,11.1,27,32,84.4,7,26,33,49,30,13,6,31,221,0,0,-96,,,,,,,,,,,,,,,,,,,,,,,,,,,2016-17
20,Malachi Richardson,SAC,21,22,9,13,198.1,79,28,68,41.2,8,28,28.6,15,19,78.9,3,20,23,11,8,5,1,23,133,0,0,-17,,,,,,,,,,,,,,,,,,,,,,,,,,,2016-17
21,DeAndre' Bembry,ATL,22,26,13,13,269.1,76,35,74,47.3,0,11,0.0,6,14,42.9,8,33,41,20,10,5,3,15,169,0,0,-49,,,,,,,,,,,,,,,,,,,,,,,,,,,2016-17
22,Jakob Poeltl,TOR,21,32,22,10,344.8,74,29,58,50.0,0,0,0.0,16,28,57.1,41,48,89,9,14,10,9,64,237,0,0,-21,,,,,,,,,,,,,,,,,,,,,,,,,,,2016-17
23,Malik Beasley,DEN,20,18,8,10,87.5,48,18,43,41.9,6,17,35.3,6,8,75.0,2,5,7,6,4,4,0,6,73,0,0,29,,,,,,,,,,,,,,,,,,,,,,,,,,,2016-17
24,Henry Ellenson,DET,20,14,6,8,56.1,21,8,23,34.8,4,14,28.6,1,1,100.0,2,10,12,4,5,0,0,3,36,0,0,-16,,,,,,,,,,,,,,,,,,,,,,,,,,,2016-17
25,Skal Labissiere,SAC,21,8,1,7,52.3,20,6,13,46.2,0,0,0.0,8,11,72.7,7,5,12,1,3,2,0,1,39,0,0,18,,,,,,,,,,,,,,,,,,,,,,,,,,,2016-17
26,Damian Jones,GSW,22,8,6,2,45.5,11,4,7,57.1,0,0,0.0,3,6,50.0,6,5,11,0,5,1,2,9,28,0,0,-13,,,,,,,,,,,,,,,,,,,,,,,,,,,2016-17
27,Georgios Papagiannis,SAC,19,4,1,3,17.6,6,3,4,75.0,0,0,0.0,0,0,0.0,1,4,5,0,1,0,1,3,14,0,0,7,,,,,,,,,,,,,,,,,,,,,,,,,,,2016-17
1,Donovan Mitchell,UTA,21,55,28,27,1767.0,1076,400,911,43.9,128,362,35.4,148,177,83.6,34,158,192,192,141,80,22,155,1759,0,0,80,,,,,,,,,,,,,,,,,,,,,,,,,,,2017-18
2,Ben Simmons,PHI,21,54,29,25,1884.9,887,376,713,52.7,0,10,0.0,135,239,56.5,97,323,420,396,200,102,49,147,2238,22,6,133,,,,,,,,,,,,,,,,,,,,,,,,,,,2017-18
3,Kyle Kuzma,LAL,22,56,23,33,1654.4,877,335,745,45.0,107,299,35.8,100,143,69.9,68,260,328,99,95,33,24,114,1495,11,0,-143,,,,,,,,,,,,,,,,,,,,,,,,,,,2017-18
4,Jayson Tatum,BOS,20,59,40,19,1832.6,797,281,592,47.5,76,178,42.7,159,193,82.4,40,262,302,83,77,55,46,125,1510,3,0,236,,,,,,,,,,,,,,,,,,,,,,,,,,,2017-18
5,Lauri Markkanen,CHI,21,51,17,34,1542.7,780,283,658,43.0,113,319,35.4,101,117,86.3,57,335,392,65,63,27,31,82,1459,13,0,-255,,,,,,,,,,,,,,,,,,,,,,,,,,,2017-18
6,Dennis Smith Jr.,DAL,20,50,17,33,1466.9,742,284,721,39.4,78,246,31.7,96,141,68.1,34,160,194,246,142,50,12,110,1388,4,1,-279,,,,,,,,,,,,,,,,,,,,,,,,,,,2017-18
7,Josh Jackson,PHX,21,57,17,40,1341.0,639,247,608,40.6,43,161,26.7,102,169,60.4,65,169,234,69,97,48,25,159,1145,2,0,-373,,,,,,,,,,,,,,,,,,,,,,,,,,,2017-18
8,Bogdan Bogdanovic,SAC,25,54,17,37,1479.4,620,233,502,46.4,86,215,40.0,68,81,84.0,20,128,148,173,89,54,13,117,1169,0,0,-231,,,,,,,,,,,,,,,,,,,,,,,,,,,2017-18
9,De'Aaron Fox,SAC,20,50,16,34,1359.6,563,215,525,41.0,31,95,32.6,102,139,73.4,24,108,132,214,121,49,12,116,1104,2,0,-309,,,,,,,,,,,,,,,,,,,,,,,,,,,2017-18
10,John Collins,ATL,20,53,16,37,1183.6,540,218,376,58.0,6,19,31.6,98,133,73.7,141,229,370,53,69,33,61,156,1277,7,0,-101,,,,,,,,,,,,,,,,,,,,,,,,,,,2017-18
11,Jarrett Allen,BKN,20,50,16,34,911.8,380,154,263,58.6,3,9,33.3,69,89,77.5,96,157,253,31,48,22,41,96,871,3,0,-157,,,,,,,,,,,,,,,,,,,,,,,,,,,2017-18
12,Lonzo Ball,LAL,20,36,15,21,1222.1,367,142,399,35.6,59,195,30.3,24,50,48.0,48,209,257,255,98,55,32,78,1221,10,2,-20,,,,,,,,,,,,,,,,,,,,,,,,,,,2017-18
13,Bam Adebayo,MIA,20,49,23,26,1010.8,357,129,238,54.2,0,6,0.0,99,134,73.9,80,180,260,81,46,27,33,101,925,6,0,-66,,,,,,,,,,,,,,,,,,,,,,,,,,,2017-18
14,Luke Kennard,DET,22,50,23,27,930.9,339,127,292,43.5,51,123,41.5,34,40,85.0,15,91,106,72,46,31,8,48,645,1,0,95,,,,,,,,,,,,,,,,,,,,,,,,,,,2017-18
14,O.G. Anunoby,TOR,20,57,41,16,1186.2,339,124,279,44.4,57,165,34.5,34,49,69.4,36,107,143,45,34,46,8,102,706,0,0,267,,,,,,,,,,,,,,,,,,,,,,,,,,,2017-18
16,Josh Hart,LAL,23,52,22,30,1090.1,328,118,252,46.8,54,136,39.7,38,58,65.5,28,160,188,58,32,37,12,82,756,5,0,-105,,,,,,,,,,,,,,,,,,,,,,,,,,,2017-18
17,Frank Ntilikina,NYK,19,56,22,34,1125.4,293,113,320,35.3,33,98,33.7,34,49,69.4,19,95,114,178,104,53,10,131,782,1,0,-58,,,,,,,,,,,,,,,,,,,,,,,,,,,2017-18
18,Justin Jackson,SAC,23,43,12,31,836.5,261,107,247,43.3,32,105,30.5,15,23,65.2,18,87,105,40,26,16,8,42,493,0,0,-126,,,,,,,,,,,,,,,,,,,,,,,,,,,2017-18
19,Malik Monk,CHA,20,40,14,26,485.0,198,72,215,33.5,42,124,33.9,12,17,70.6,2,32,34,47,22,10,3,33,326,0,0,-147,,,,,,,,,,,,,,,,,,,,,,,,,,,2017-18
20,Zach Collins,POR,20,42,24,18,638.3,166,66,173,38.2,20,63,31.7,14,25,56.0,27,110,137,34,32,12,20,89,445,0,0,20,,,,,,,,,,,,,,,,,,,,,,,,,,,2017-18
21,T.J. Leaf,IND,21,42,24,18,398.4,131,54,115,47.0,17,36,47.2,6,10,60.0,25,42,67,8,9,5,3,42,238,0,0,-71,,,,,,,,,,,,,,,,,,,,,,,,,,,2017-18
22,Terrance Ferguson,OKC,20,43,25,18,536.5,123,47,121,38.8,24,84,28.6,5,6,83.3,17,19,36,11,9,17,5,65,240,0,0,-55,,,,,,,,,,,,,,,,,,,,,,,,,,,2017-18
23,Jonathan Isaac,ORL,20,15,8,7,284.5,79,30,74,40.5,5,18,27.8,14,18,77.8,12,44,56,11,15,10,15,26,223,0,0,-42,,,,,,,,,,,,,,,,,,,,,,,,,,,2017-18
24,Caleb Swanigan,POR,21,17,9,8,139.2,41,16,45,35.6,1,6,16.7,8,13,61.5,13,24,37,9,11,5,3,25,112,0,0,-13,,,,,,,,,,,,,,,,,,,,,,,,,,,2017-18
25,Derrick White,SAS,23,16,7,9,119.8,40,12,25,48.0,4,8,50.0,12,18,66.7,5,17,22,8,6,4,2,8,90,0,0,27,,,,,,,,,,,,,,,,,,,,,,,,,,,2017-18
26,Guerschon Yabusele,BOS,22,22,17,5,110.0,39,13,32,40.6,8,22,36.4,5,9,55.6,12,19,31,6,6,1,1,14,85,0,0,-26,,,,,,,,,,,,,,,,,,,,,,,,,,,2017-18
27,Markelle Fultz,PHI,20,4,1,3,75.6,24,9,27,33.3,0,0,0.0,6,12,50.0,3,6,9,7,6,2,1,6,48,0,0,-43,,,,,,,,,,,,,,,,,,,,,,,,,,,2017-18
28,D.J. Wilson,MIL,22,19,10,9,60.3,16,7,12,58.3,2,5,40.0,0,0,0.0,1,6,7,2,4,1,1,5,29,0,0,-41,,,,,,,,,,,,,,,,,,,,,,,,,,,2017-18
29,Ante Zizic,CLE,21,14,9,5,45.4,15,5,12,41.7,0,0,0.0,5,7,71.4,6,10,16,1,2,0,4,5,46,0,0,-25,,,,,,,,,,,,,,,,,,,,,,,,,,,2017-18
30,Furkan Korkmaz,PHI,20,6,3,3,32.0,9,3,12,25.0,1,8,12.5,2,2,100.0,2,4,6,2,1,1,0,4,21,0,0,-3,,,,,,,,,,,,,,,,,,,,,,,,,,,2017-18
31,Tony Bradley,UTA,20,8,5,3,27.7,8,3,11,27.3,0,1,0.0,2,2,100.0,4,7,11,1,0,0,0,1,23,0,0,1,,,,,,,,,,,,,,,,,,,,,,,,,,,2017-18
32,Tyler Lydon,DEN,22,1,1,0,2.2,0,0,0,0.0,0,0,0.0,0,0,0.0,0,0,0,0,0,0,0,0,0,0,0,-6,,,,,,,,,,,,,,,,,,,,,,,,,,,2017-18
1,Luka Doncic,DAL,20,55,25,30,1772.4,1140,377,877,43.0,134,385,34.8,252,349,72.2,61,334,395,307,178,57,15,102,2113,13,3,-17,,,,,,,,,,,,,,,,,,,,,,,,,,,2018-19
2,Trae Young,ATL,20,58,19,39,1742.8,980,337,831,40.6,100,321,31.2,206,258,79.8,39,154,193,442,229,51,13,97,1838,18,0,-344,,,,,,,,,,,,,,,,,,,,,,,,,,,2018-19
3,Deandre Ayton,PHX,20,53,11,42,1638.7,877,386,657,58.8,0,4,0.0,105,136,77.2,166,390,556,104,96,42,49,151,1877,30,0,-293,,,,,,,,,,,,,,,,,,,,,,,,,,,2018-19
4,Collin Sexton,CLE,20,58,12,46,1765.8,873,334,818,40.8,62,158,39.2,143,169,84.6,44,135,179,167,129,30,3,141,1308,1,0,-522,,,,,,,,,,,,,,,,,,,,,,,,,,,2018-19
5,Jaren Jackson Jr.,MEM,19,58,23,35,1514.7,798,298,589,50.6,51,142,35.9,151,197,76.6,73,199,272,64,98,52,82,220,1524,2,0,-103,,,,,,,,,,,,,,,,,,,,,,,,,,,2018-19
6,Kevin Knox II,NYK,19,51,9,42,1437.3,635,225,618,36.4,85,251,33.9,100,139,71.9,42,176,218,48,76,28,16,122,1025,1,0,-427,,,,,,,,,,,,,,,,,,,,,,,,,,,2018-19
7,Shai Gilgeous-Alexander,LAC,20,59,32,27,1523.5,596,229,489,46.8,30,91,33.0,108,134,80.6,42,119,161,178,108,63,34,120,1239,0,0,-111,,,,,,,,,,,,,,,,,,,,,,,,,,,2018-19
8,Marvin Bagley III,SAC,20,43,24,19,1039.8,571,221,429,51.5,14,55,25.5,115,168,68.5,100,196,296,41,70,23,42,89,1113,10,0,-59,,,,,,,,,,,,,,,,,,,,,,,,,,,2018-19
9,Kevin Huerter,ATL,20,54,18,36,1473.4,500,186,443,42.0,95,244,38.9,33,45,73.3,41,134,175,152,86,47,19,109,1050,1,0,-117,,,,,,,,,,,,,,,,,,,,,,,,,,,2018-19
10,Landry Shamet,LAC,22,57,36,21,1191.8,489,165,371,44.5,108,261,41.4,51,62,82.3,16,68,84,68,29,28,8,110,771,0,0,5,,,,,,,,,,,,,,,,,,,,,,,,,,,2018-19
11,Mikal Bridges,PHX,22,59,11,48,1643.5,484,173,399,43.4,81,230,35.2,57,73,78.1,40,144,184,104,48,91,30,145,1176,0,0,-271,,,,,,,,,,,,,,,,,,,,,,,,,,,2018-19
12,Wendell Carter Jr.,CHI,20,44,10,34,1109.8,455,180,371,48.5,6,32,18.8,89,112,79.5,87,220,307,78,65,26,58,152,1127,7,0,-292,,,,,,,,,,,,,,,,,,,,,,,,,,,2018-19
13,Josh Okogie,MIN,20,49,23,26,1112.4,370,126,346,36.4,39,150,26.0,79,106,74.5,29,119,148,57,49,48,18,115,782,1,0,-18,,,,,,,,,,,,,,,,,,,,,,,,,,,2018-19
14,Miles Bridges,CHA,21,55,26,29,1042.2,357,138,309,44.7,38,123,30.9,43,59,72.9,32,159,191,54,33,28,35,69,823,0,0,-70,,,,,,,,,,,,,,,,,,,,,,,,,,,2018-19
15,Mo Bamba,ORL,21,47,19,28,766.2,292,117,243,48.1,21,70,30.0,37,63,58.7,64,169,233,39,43,13,64,102,818,1,0,-240,,,,,,,,,,,,,,,,,,,,,,,,,,,2018-19
16,Harry Giles III,SAC,21,44,21,23,566.9,274,117,236,49.6,0,5,0.0,40,64,62.5,43,105,148,56,53,26,14,113,603,0,0,-149,,,,,,,,,,,,,,,,,,,,,,,,,,,2018-19
17,Omari Spellman,ATL,21,41,13,28,706.1,241,85,216,39.4,41,116,35.3,30,42,71.4,62,106,168,38,26,24,23,60,615,4,0,-157,,,,,,,,,,,,,,,,,,,,,,,,,,,2018-19
18,Chandler Hutchison,CHI,23,44,10,34,894.6,229,96,209,45.9,14,50,28.0,23,38,60.5,31,154,185,34,25,23,6,59,564,1,0,-115,,,,,,,,,,,,,,,,,,,,,,,,,,,2018-19
19,Aaron Holiday,IND,22,37,25,12,438.4,204,73,191,38.2,28,95,29.5,30,34,88.2,4,50,54,56,26,15,12,47,408,0,0,61,,,,,,,,,,,,,,,,,,,,,,,,,,,2018-19
20,Grayson Allen,UTA,23,28,16,12,275.8,114,34,109,31.2,19,69,27.5,27,36,75.0,1,10,11,17,16,4,3,30,158,0,0,-100,,,,,,,,,,,,,,,,,,,,,,,,,,,2018-19
21,Donte DiVincenzo,MIL,22,23,17,6,358.1,110,42,107,39.3,17,69,24.6,9,11,81.8,13,43,56,27,18,12,6,34,254,0,0,85,,,,,,,,,,,,,,,,,,,,,,,,,,,2018-19
22,Jerome Robinson,LAC,22,23,13,10,218.5,76,29,73,39.7,14,40,35.0,4,6,66.7,3,22,25,8,3,7,2,35,142,0,0,-13,,,,,,,,,,,,,,,,,,,,,,,,,,,2018-19
23,Moritz Wagner,LAL,22,22,8,14,146.1,73,26,61,42.6,12,30,40.0,9,15,60.0,8,25,33,9,11,5,3,17,139,0,0,-34,,,,,,,,,,,,,,,,,,,,,,,,,,,2018-19
24,Troy Brown Jr.,WAS,19,29,12,17,207.6,70,26,65,40.0,4,15,26.7,14,21,66.7,5,34,39,27,8,8,1,16,176,0,0,44,,,,,,,,,,,,,,,,,,,,,,,,,,,2018-19
25,Robert Williams III,BOS,21,23,14,9,200.3,62,28,38,73.7,0,0,0.0,6,10,60.0,19,36,55,5,8,6,32,28,242,0,0,-47,,,,,,,,,,,,,,,,,,,,,,,,,,,2018-19
26,Dzanan Musa,BKN,20,8,3,5,34.0,16,8,20,40.0,0,9,0.0,0,2,0.0,1,3,4,1,4,2,0,1,24,0,0,4,,,,,,,,,,,,,,,,,,,,,,,,,,,2018-19
27,Anfernee Simons,POR,20,12,10,2,59.5,15,7,25,28.0,0,9,0.0,1,4,25.0,0,7,7,4,7,0,0,3,22,0,0,-30,,,,,,,,,,,,,,,,,,,,,,,,,,,2018-19
28,Lonnie Walker IV,SAS,20,6,4,2,56.7,14,4,21,19.0,2,6,33.3,4,4,100.0,0,10,10,2,4,3,1,3,37,0,0,-34,,,,,,,,,,,,,,,,,,,,,,,,,,,2018-19
29,Jacob Evans,GSW,22,23,17,6,99.5,13,6,25,24.0,1,6,16.7,0,1,0.0,1,8,9,13,6,1,1,13,43,0,0,-27,,,,,,,,,,,,,,,,,,,,,,,,,,,2018-19
1,Ja Morant,MEM,20,48,27,21,1434.7,846,321,651,49.3,38,106,35.8,166,212,78.3,32,138,170,340,154,48,13,76,1589,9,1,18,,,,,,,,,,,,,,,,,,,,,,,,,,,2019-20
2,Darius Garland,CLE,20,53,14,39,1615.7,648,246,625,39.4,96,273,35.2,60,69,87.0,23,77,100,204,140,38,2,84,1054,1,0,-293,,,,,,,,,,,,,,,,,,,,,,,,,,,2019-20
3,De'Andre Hunter,ATL,22,53,15,38,1674.0,647,236,576,41.0,87,252,34.5,88,116,75.9,29,181,210,96,85,41,15,146,1126,1,0,-253,,,,,,,,,,,,,,,,,,,,,,,,,,,2019-20
4,RJ Barrett,NYK,20,45,13,32,1371.7,614,221,570,38.8,48,151,31.8,124,203,61.1,45,184,229,109,94,44,16,102,1138,2,0,-291,,,,,,,,,,,,,,,,,,,,,,,,,,,2019-20
5,Coby White,CHI,20,55,19,36,1337.3,612,223,602,37.0,98,290,33.8,68,91,74.7,25,167,192,132,80,41,4,91,1095,0,0,-177,,,,,,,,,,,,,,,,,,,,,,,,,,,2019-20
6,Tyler Herro,MIA,20,46,31,15,1272.6,603,219,529,41.4,99,252,39.3,66,79,83.5,14,172,186,91,72,29,7,58,999,0,0,-6,,,,,,,,,,,,,,,,,,,,,,,,,,,2019-20
7,Brandon Clarke,MEM,23,47,27,20,1025.4,580,243,390,62.3,21,50,42.0,73,92,79.3,66,204,270,67,44,25,39,78,1153,2,0,8,,,,,,,,,,,,,,,,,,,,,,,,,,,2019-20
8,P.J. Washington,CHA,21,47,17,30,1414.1,549,209,451,46.3,59,157,37.6,72,110,65.5,42,215,257,96,74,44,38,130,1173,4,0,-169,,,,,,,,,,,,,,,,,,,,,,,,,,,2019-20
9,Jarrett Culver,MIN,21,52,16,36,1267.6,472,187,482,38.8,52,188,27.7,46,99,46.5,59,117,176,94,70,51,35,103,1012,0,0,-50,,,,,,,,,,,,,,,,,,,,,,,,,,,2019-20
10,Cam Reddish,ATL,20,48,12,36,1247.0,446,153,434,35.3,62,196,31.6,78,99,78.8,30,149,179,74,78,49,22,110,907,0,0,-263,,,,,,,,,,,,,,,,,,,,,,,,,,,2019-20
11,Rui Hachimura,WAS,22,30,11,19,863.8,416,173,355,48.7,13,55,23.6,57,69,82.6,46,133,179,46,27,22,5,66,754,3,0,-186,,,,,,,,,,,,,,,,,,,,,,,,,,,2019-20
12,Jaxson Hayes,NOP,20,52,23,29,927.6,412,152,229,66.4,1,4,25.0,107,171,62.6,82,140,222,50,40,22,51,138,932,3,0,-24,,,,,,,,,,,,,,,,,,,,,,,,,,,2019-20
13,Kevin Porter Jr.,CLE,20,42,12,30,951.6,411,157,342,45.9,43,124,34.7,54,76,71.1,17,116,133,83,78,38,7,113,752,0,0,-242,,,,,,,,,,,,,,,,,,,,,,,,,,,2019-20
14,Jordan Poole,GSW,21,48,10,38,1032.8,376,120,407,29.5,58,219,26.5,78,93,83.9,6,92,98,95,49,30,9,76,704,0,0,-126,,,,,,,,,,,,,,,,,,,,,,,,,,,2019-20
15,Cameron Johnson,PHX,24,42,18,24,831.6,325,111,270,41.1,73,187,39.0,30,40,75.0,36,86,122,45,26,24,13,59,624,0,0,-44,,,,,,,,,,,,,,,,,,,,,,,,,,,2019-20
16,Michael Porter Jr.,DEN,22,39,29,10,555.6,311,121,238,50.8,38,88,43.2,31,39,79.5,43,128,171,29,30,17,18,66,635,5,0,38,,,,,,,,,,,,,,,,,,,,,,,,,,,2019-20
17,Darius Bazley,OKC,20,53,32,21,909.1,238,88,230,38.3,30,100,30.0,32,47,68.1,21,175,196,29,40,20,35,45,642,0,0,-65,,,,,,,,,,,,,,,,,,,,,,,,,,,2019-20
18,Matisse Thybulle,PHI,23,47,31,16,953.5,231,80,196,40.8,47,126,37.3,24,37,64.9,25,49,74,57,40,68,40,107,689,0,0,4,,,,,,,,,,,,,,,,,,,,,,,,,,,2019-20
19,Zion Williamson,NOP,19,10,5,5,274.3,221,83,144,57.6,4,11,36.4,51,78,65.4,35,40,75,22,28,7,4,17,349,2,0,74,,,,,,,,,,,,,,,,,,,,,,,,,,,2019-20
20,Nickeil Alexander-Walker,NOP,21,41,18,23,500.6,211,77,227,33.9,40,117,34.2,17,28,60.7,8,72,80,74,40,11,7,46,432,0,0,-62,,,,,,,,,,,,,,,,,,,,,,,,,,,2019-20
21,Grant Williams,BOS,21,52,38,14,809.5,197,71,165,43.0,20,70,28.6,35,49,71.4,51,87,138,55,43,22,29,124,555,0,0,144,,,,,,,,,,,,,,,,,,,,,,,,,,,2019-20
22,Sekou Doumbouya,DET,19,29,9,20,571.1,196,73,185,39.5,23,75,30.7,27,38,71.1,16,81,97,11,31,17,7,61,370,2,0,-73,,,,,,,,,,,,,,,,,,,,,,,,,,,2019-20
23,Nassir Little,POR,20,39,18,21,495.5,149,55,128,43.0,13,51,25.5,26,39,66.7,29,70,99,18,15,10,14,62,352,1,0,-31,,,,,,,,,,,,,,,,,,,,,,,,,,,2019-20
24,Anzejs Pasecniks,WAS,24,20,7,13,369.9,139,54,102,52.9,0,2,0.0,31,50,62.0,37,57,94,17,22,8,10,58,309,0,0,4,,,,,,,,,,,,,,,,,,,,,,,,,,,2019-20
25,Goga Bitadze,IND,20,42,24,18,361.6,128,52,108,48.1,4,25,16.0,20,29,69.0,22,65,87,19,21,3,27,50,330,1,0,-23,,,,,,,,,,,,,,,,,,,,,,,,,,,2019-20
26,Ty Jerome,PHX,22,21,9,12,247.0,84,32,85,37.6,11,35,31.4,9,12,75.0,6,29,35,37,14,14,3,23,219,0,0,-85,,,,,,,,,,,,,,,,,,,,,,,,,,,2019-20
27,Romeo Langford,BOS,20,18,15,3,184.1,54,19,39,48.7,4,15,26.7,12,16,75.0,6,12,18,3,5,5,6,17,108,0,0,52,,,,,,,,,,,,,,,,,,,,,,,,,,,2019-20
28,Mfiondu Kabengele,LAC,22,12,9,3,64.4,42,14,32,43.8,9,20,45.0,5,5,100.0,1,10,11,2,2,2,2,9,68,0,0,-1,,,,,,,,,,,,,,,,,,,,,,,,,,,2019-20
29,Keldon Johnson,SAS,20,4,1,3,12.3,4,2,5,40.0,0,0,0.0,0,0,0.0,0,3,3,0,0,0,0,0,8,0,0,9,,,,,,,,,,,,,,,,,,,,,,,,,,,2019-20
1,LaMelo Ball,CHA,19,35,17,18,1010.4,553,201,448,44.9,70,185,37.8,81,101,80.2,51,160,211,221,99,57,13,95,1249,7,1,-18,,,,,,,,,,,,,,,,,,,,,,,,,,,2020-21
2,Anthony Edwards,MIN,19,36,7,29,1048.0,536,199,537,37.1,68,225,30.2,70,87,80.5,26,118,144,90,66,31,15,55,916,0,0,-197,,,,,,,,,,,,,,,,,,,,,,,,,,,2020-21
3,Immanuel Quickley,NYK,22,33,17,16,618.7,403,123,316,38.9,59,155,38.1,98,104,94.2,15,62,77,79,34,15,9,64,652,0,0,18,,,,,,,,,,,,,,,,,,,,,,,,,,,2020-21
4,Tyrese Haliburton,SAC,21,30,12,18,903.0,397,153,310,49.4,71,164,43.3,20,24,83.3,29,78,107,161,46,42,18,36,901,1,0,-91,,,,,,,,,,,,,,,,,,,,,,,,,,,2020-21
5,Patrick Williams,CHI,19,33,15,18,939.4,336,127,268,47.4,30,77,39.0,52,66,78.8,30,129,159,39,49,24,25,75,683,2,0,-119,,,,,,,,,,,,,,,,,,,,,,,,,,,2020-21
5,Saddiq Bey,DET,22,34,9,25,778.4,336,108,264,40.9,72,183,39.3,48,56,85.7,18,115,133,39,23,21,1,54,597,2,0,-84,,,,,,,,,,,,,,,,,,,,,,,,,,,2020-21
7,James Wiseman,GSW,20,26,14,12,540.7,306,126,247,51.0,10,27,37.0,44,70,62.9,36,118,154,17,38,9,28,84,589,2,0,-85,,,,,,,,,,,,,,,,,,,,,,,,,,,2020-21
8,Cole Anthony,ORL,21,25,9,16,667.0,275,101,269,37.5,27,83,32.5,46,55,83.6,20,91,111,94,51,17,11,51,582,0,0,-101,,,,,,,,,,,,,,,,,,,,,,,,,,,2020-21
9,Desmond Bane,MEM,23,28,14,14,638.8,268,100,209,47.8,47,106,44.3,21,24,87.5,12,68,80,38,29,20,4,54,464,0,0,68,,,,,,,,,,,,,,,,,,,,,,,,,,,2020-21
10,Tyrese Maxey,PHI,20,32,21,11,518.6,255,109,242,45.0,15,55,27.3,22,25,88.0,8,52,60,58,22,15,5,40,452,0,0,-127,,,,,,,,,,,,,,,,,,,,,,,,,,,2020-21
11,Isaac Okoro,CLE,20,31,12,19,1030.0,250,93,225,41.3,28,93,30.1,36,53,67.9,30,53,83,58,46,36,16,95,547,0,0,-193,,,,,,,,,,,,,,,,,,,,,,,,,,,2020-21
12,Payton Pritchard,BOS,23,30,16,14,640.9,230,86,188,45.7,41,102,40.2,17,18,94.4,16,54,70,69,34,18,5,59,453,0,0,25,,,,,,,,,,,,,,,,,,,,,,,,,,,2020-21
13,Precious Achiuwa,MIA,21,35,17,18,490.8,212,84,145,57.9,0,0,0.0,44,81,54.3,46,95,141,20,32,15,19,58,481,2,0,-70,,,,,,,,,,,,,,,,,,,,,,,,,,,2020-21
14,Isaiah Stewart,DET,20,34,10,24,625.6,185,81,146,55.5,1,5,20.0,22,32,68.8,80,116,196,24,30,18,34,88,582,3,0,35,,,,,,,,,,,,,,,,,,,,,,,,,,,2020-21
15,Deni Avdija,WAS,20,30,14,16,645.7,178,68,157,43.3,31,87,35.6,11,19,57.9,13,127,140,39,24,20,6,75,459,0,0,-30,,,,,,,,,,,,,,,,,,,,,,,,,,,2020-21
16,Jaden McDaniels,MIN,20,30,4,26,573.8,154,57,149,38.3,28,83,33.7,12,23,52.2,18,83,101,30,23,10,30,71,417,0,0,-35,,,,,,,,,,,,,,,,,,,,,,,,,,,2020-21
17,Devin Vassell,SAS,20,26,16,10,451.0,143,50,126,39.7,25,63,39.7,18,21,85.7,16,67,83,28,12,29,9,32,387,0,0,24,,,,,,,,,,,,,,,,,,,,,,,,,,,2020-21
18,Dylan Windler,CLE,24,22,8,14,416.5,138,47,103,45.6,23,63,36.5,21,26,80.8,17,73,90,28,22,15,10,29,341,1,0,-47,,,,,,,,,,,,,,,,,,,,,,,,,,,2020-21
19,Obi Toppin,NYK,23,27,14,13,341.9,127,52,107,48.6,13,44,29.5,10,14,71.4,9,58,67,15,15,8,10,28,269,0,0,-16,,,,,,,,,,,,,,,,,,,,,,,,,,,2020-21
20,Kira Lewis Jr.,NOP,20,21,8,13,272.8,110,42,108,38.9,13,39,33.3,13,20,65.0,2,15,17,38,9,12,1,25,217,0,0,1,,,,,,,,,,,,,,,,,,,,,,,,,,,2020-21
21,Chuma Okeke,ORL,22,20,9,11,436.8,88,33,86,38.4,17,44,38.6,5,10,50.0,18,52,70,39,13,16,7,19,287,0,0,-3,,,,,,,,,,,,,,,,,,,,,,,,,,,2020-21
22,Zeke Nnaji,DEN,20,23,16,7,247.7,82,31,61,50.8,15,36,41.7,5,7,71.4,10,23,33,3,5,3,2,16,136,0,0,-20,,,,,,,,,,,,,,,,,,,,,,,,,,,2020-21
23,Aaron Nesmith,BOS,21,18,9,9,280.7,75,25,63,39.7,17,48,35.4,8,12,66.7,10,34,44,7,11,3,5,37,151,0,0,25,,,,,,,,,,,,,,,,,,,,,,,,,,,2020-21
24,R.J. Hampton,ORL,20,24,14,10,220.0,60,24,58,41.4,5,18,27.8,7,10,70.0,10,37,47,12,11,5,2,21,144,0,0,-71,,,,,,,,,,,,,,,,,,,,,,,,,,,2020-21
25,Aleksej Pokusevski,OKC,19,17,7,10,296.0,56,23,93,24.7,10,56,17.9,0,0,0.0,5,55,60,21,22,8,19,16,219,0,0,-79,,,,,,,,,,,,,,,,,,,,,,,,,,,2020-21
26,Onyeka Okongwu,ATL,20,16,8,8,159.3,51,21,37,56.8,0,1,0.0,9,15,60.0,12,27,39,5,8,6,7,26,136,0,0,-20,,,,,,,,,,,,,,,,,,,,,,,,,,,2020-21
27,Josh Green,DAL,20,17,6,11,211.8,42,17,36,47.2,2,12,16.7,6,11,54.5,12,27,39,10,11,4,1,16,108,0,0,-7,,,,,,,,,,,,,,,,,,,,,,,,,,,2020-21
28,Malachi Flynn,TOR,23,15,11,4,125.3,33,12,45,26.7,5,26,19.2,4,6,66.7,1,10,11,16,4,4,0,12,78,0,0,-33,,,,,,,,,,,,,,,,,,,,,,,,,,,2020-21
29,Killian Hayes,DET,19,7,1,6,147.8,32,13,47,27.7,5,20,25.0,1,2,50.0,1,7,8,25,17,2,0,15,68,0,0,-38,,,,,,,,,,,,,,,,,,,,,,,,,,,2020-21
30,Jalen Smith,PHX,21,11,7,4,57.5,16,7,19,36.8,2,8,25.0,0,2,0.0,5,6,11,2,1,0,2,4,37,0,0,-13,,,,,,,,,,,,,,,,,,,,,,,,,,,2020-21
31,Udoka Azubuike,UTA,21,12,11,1,49.0,12,4,7,57.1,0,0,0.0,4,6,66.7,4,9,13,0,3,1,4,8,40,0,0,-62,,,,,,,,,,,,,,,,,,,,,,,,,,,2020-21
1,Franz Wagner,ORL,20,60,13,47,1918.0,935,356,764,46.6,77,213,36.2,146,171,85.4,64,211,275,178,97,53,28,128,1678,2,0,-262,,,,,,,,,,,,,,,,,,,,,,,,,,,2021-22
2,Evan Mobley,CLE,21,50,32,18,1702.8,743,302,600,50.3,18,68,26.5,121,180,67.2,95,308,403,128,98,42,82,101,1693,13,0,140,,,,,,,,,,,,,,,,,,,,,,,,,,,2021-22
3,Scottie Barnes,TOR,20,49,27,22,1735.6,706,279,594,47.0,41,131,31.3,107,146,73.3,119,246,365,164,90,50,39,133,1567,5,0,15,,,,,,,,,,,,,,,,,,,,,,,,,,,2021-22
4,Cade Cunningham,DET,20,44,12,32,1399.8,692,263,668,39.4,89,272,32.7,77,90,85.6,41,200,241,227,156,57,29,132,1424,6,2,-268,,,,,,,,,,,,,,,,,,,,,,,,,,,2021-22
5,Chris Duarte,IND,25,50,19,31,1433.4,671,250,575,43.5,87,239,36.4,84,106,79.2,36,169,205,110,83,52,10,83,1185,0,0,-37,,,,,,,,,,,,,,,,,,,,,,,,,,,2021-22
6,Josh Giddey,OKC,19,53,17,36,1663.6,659,274,655,41.8,56,210,26.7,55,78,70.5,95,317,412,339,167,49,20,87,1702,16,4,-282,,,,,,,,,,,,,,,,,,,,,,,,,,,2021-22
7,Jalen Green,HOU,20,43,7,36,1307.3,627,209,540,38.7,83,267,31.1,126,154,81.8,16,118,134,100,96,26,8,67,944,0,0,-490,,,,,,,,,,,,,,,,,,,,,,,,,,,2021-22
8,Davion Mitchell,SAC,23,53,20,33,1376.1,551,226,557,40.6,75,230,32.6,24,43,55.8,30,95,125,183,64,38,17,100,1077,0,0,-104,,,,,,,,,,,,,,,,,,,,,,,,,,,2021-22
9,Jalen Suggs,ORL,21,39,10,29,1099.7,492,172,469,36.7,37,162,22.8,111,143,77.6,25,121,146,170,118,49,16,117,999,1,0,-197,,,,,,,,,,,,,,,,,,,,,,,,,,,2021-22
10,Cam Thomas,BKN,20,48,21,27,938.5,470,183,411,44.5,41,150,27.3,63,78,80.8,10,115,125,62,40,26,7,47,772,0,0,-55,,,,,,,,,,,,,,,,,,,,,,,,,,,2021-22
11,Alperen Sengun,HOU,19,50,13,37,937.4,437,154,320,48.1,18,65,27.7,111,159,69.8,84,156,240,125,102,40,47,144,1072,3,0,-211,,,,,,,,,,,,,,,,,,,,,,,,,,,2021-22
12,Bones Hyland,DEN,21,46,27,19,829.4,403,136,369,36.9,79,228,34.6,52,59,88.1,8,118,126,93,57,22,13,98,742,1,0,15,,,,,,,,,,,,,,,,,,,,,,,,,,,2021-22
13,Tre Mann,OKC,21,45,14,31,897.9,390,143,373,38.3,62,170,36.5,42,56,75.0,14,86,100,45,37,30,9,75,658,0,0,-114,,,,,,,,,,,,,,,,,,,,,,,,,,,2021-22
14,Jonathan Kuminga,GSW,19,47,33,14,679.8,374,137,268,51.1,28,87,32.2,72,110,65.5,28,104,132,33,43,18,11,88,626,1,0,19,,,,,,,,,,,,,,,,,,,,,,,,,,,2021-22
15,Josh Christopher,HOU,20,50,13,37,826.6,370,140,310,45.2,39,121,32.2,51,66,77.3,37,70,107,87,70,42,7,55,706,0,0,-178,,,,,,,,,,,,,,,,,,,,,,,,,,,2021-22
16,Corey Kispert,WAS,23,53,23,30,1051.5,360,132,307,43.0,58,180,32.2,38,43,88.4,37,98,135,50,31,19,13,51,662,0,0,76,,,,,,,,,,,,,,,,,,,,,,,,,,,2021-22
17,Ziaire Williams,MEM,20,40,26,14,861.0,291,115,261,44.1,42,148,28.4,19,25,76.0,11,60,71,35,23,22,7,79,493,0,0,33,,,,,,,,,,,,,,,,,,,,,,,,,,,2021-22
18,Quentin Grimes,NYK,22,39,17,22,696.3,253,88,209,42.1,66,166,39.8,11,17,64.7,22,55,77,38,25,26,10,60,485,0,0,-53,,,,,,,,,,,,,,,,,,,,,,,,,,,2021-22
19,Day'Ron Sharpe,BKN,20,30,12,18,373.1,182,80,140,57.1,1,4,25.0,21,37,56.8,78,74,152,15,29,10,15,60,433,2,0,59,,,,,,,,,,,,,,,,,,,,,,,,,,,2021-22
20,Trey Murphy III,NOP,22,41,18,23,518.7,160,50,148,33.8,36,107,33.6,24,28,85.7,28,60,88,20,12,12,6,39,338,0,0,-27,,,,,,,,,,,,,,,,,,,,,,,,,,,2021-22
21,Joshua Primo,SAS,19,30,13,17,476.2,147,52,141,36.9,24,75,32.0,19,25,76.0,18,34,52,42,28,11,15,36,322,0,0,-44,,,,,,,,,,,,,,,,,,,,,,,,,,,2021-22
22,James Bouknight,CHA,21,28,13,15,295.7,140,48,136,35.3,17,49,34.7,27,31,87.1,21,27,48,23,13,7,1,28,243,0,0,-46,,,,,,,,,,,,,,,,,,,,,,,,,,,2021-22
23,Isaiah Jackson,IND,20,20,6,14,192.7,115,45,83,54.2,3,7,42.9,22,33,66.7,24,31,55,7,11,11,15,37,259,1,0,-22,,,,,,,,,,,,,,,,,,,,,,,,,,,2021-22
24,Moses Moody,GSW,20,34,26,8,321.7,109,38,101,37.6,19,62,30.6,14,17,82.4,8,38,46,11,7,3,6,24,201,0,0,-39,,,,,,,,,,,,,,,,,,,,,,,,,,,2021-22
25,Santi Aldama,MEM,21,27,17,10,276.6,90,37,97,38.1,4,39,10.3,12,20,60.0,23,41,64,14,9,2,7,27,206,1,0,19,,,,,,,,,,,,,,,,,,,,,,,,,,,2021-22
26,Keon Johnson,POR,20,15,6,9,134.6,53,17,51,33.3,3,11,27.3,16,21,76.2,6,15,21,13,7,7,2,21,118,0,0,-8,,,,,,,,,,,,,,,,,,,,,,,,,,,2021-22
27,Leandro Bolmaro,MIN,21,25,13,12,187.7,28,9,32,28.1,2,12,16.7,8,9,88.9,15,20,35,11,12,5,0,21,90,0,0,-35,,,,,,,,,,,,,,,,,,,,,,,,,,,2021-22
28,Jalen Johnson,ATL,20,14,9,5,64.5,25,9,20,45.0,3,8,37.5,4,6,66.7,0,16,16,1,3,0,1,3,46,0,0,-19,,,,,,,,,,,,,,,,,,,,,,,,,,,2021-22
29,Usman Garuba,HOU,20,15,2,13,104.7,19,8,24,33.3,2,13,15.4,1,2,50.0,9,25,34,8,3,7,6,9,108,0,0,39,,,,,,,,,,,,,,,,,,,,,,,,,,,2021-22
30,Kai Jones,CHA,21,17,11,6,47.6,16,7,11,63.6,1,2,50.0,1,4,25.0,2,6,8,4,5,0,0,5,27,0,0,-13,,,,,,,,,,,,,,,,,,,,,,,,,,,2021-22
31,Jaden Springer,PHI,19,2,2,0,5.6,2,1,1,100.0,0,0,0.0,0,0,0.0,1,1,2,0,1,0,2,0,9,0,0,-8,,,,,,,,,,,,,,,,,,,,,,,,,,,2021-22
1,Bennedict Mathurin,IND,21,60,26,34,1692.7,1033,327,763,42.9,83,260,31.9,296,357,82.9,66,180,246,85,110,36,6,121,1472,0,0,-96,,,,,,,,,,,,,,,,,,,,,,,,,,,2022-23
1,Paolo Banchero,ORL,20,52,21,31,1754.4,1033,338,807,41.9,61,217,28.1,296,393,75.3,61,284,345,187,141,49,25,118,1809,10,0,-167,,,,,,,,,,,,,,,,,,,,,,,,,,,2022-23
3,Jaden Ivey,DET,21,55,15,40,1653.1,838,285,678,42.0,76,229,33.2,192,265,72.5,55,162,217,253,156,51,13,172,1514,4,0,-424,,,,,,,,,,,,,,,,,,,,,,,,,,,2022-23
4,Jabari Smith Jr.,HOU,20,55,12,43,1646.2,660,232,596,38.9,88,290,30.3,108,136,79.4,71,316,387,65,81,28,53,163,1384,8,0,-393,,,,,,,,,,,,,,,,,,,,,,,,,,,2022-23
5,Keegan Murray,SAC,22,55,31,24,1624.6,653,233,527,44.2,137,330,41.5,50,63,79.4,61,192,253,59,49,40,29,105,1203,3,0,75,,,,,,,,,,,,,,,,,,,,,,,,,,,2022-23
6,Jalen Williams,OKC,22,53,26,27,1539.3,646,259,510,50.8,46,142,32.4,82,108,75.9,48,171,219,153,83,66,29,135,1340,1,0,-34,,,,,,,,,,,,,,,,,,,,,,,,,,,2022-23
7,AJ Griffin,ATL,19,55,25,30,1122.3,514,203,426,47.7,82,208,39.4,26,30,86.7,25,89,114,55,33,38,7,67,835,0,0,-14,,,,,,,,,,,,,,,,,,,,,,,,,,,2022-23
8,Tari Eason,HOU,22,58,13,45,1124.5,502,194,437,44.4,39,113,34.5,75,99,75.8,128,192,320,55,62,61,33,127,1189,4,0,-113,,,,,,,,,,,,,,,,,,,,,,,,,,,2022-23
9,Jeremy Sochan,SAS,20,48,11,37,1242.1,479,195,435,44.8,28,107,26.2,61,88,69.3,81,155,236,121,83,36,22,122,1035,0,0,-237,,,,,,,,,,,,,,,,,,,,,,,,,,,2022-23
10,Walker Kessler,UTA,21,57,27,30,1211.7,468,203,285,71.2,0,0,0.0,62,114,54.4,166,271,437,43,46,23,117,129,1431,12,0,41,,,,,,,,,,,,,,,,,,,,,,,,,,,2022-23
11,Shaedon Sharpe,POR,20,57,27,30,1156.6,451,181,378,47.9,57,160,35.6,32,48,66.7,44,101,145,37,37,21,14,91,749,0,0,-60,,,,,,,,,,,,,,,,,,,,,,,,,,,2022-23
12,Jalen Duren,DET,19,51,14,37,1282.5,441,186,285,65.3,0,1,0.0,69,113,61.1,170,276,446,55,61,31,46,136,1229,12,0,-209,,,,,,,,,,,,,,,,,,,,,,,,,,,2022-23
13,Malaki Branham,SAS,20,45,8,37,989.2,409,161,362,44.5,52,165,31.5,35,45,77.8,15,81,96,87,47,24,6,74,698,0,0,-254,,,,,,,,,,,,,,,,,,,,,,,,,,,2022-23
14,David Roddy,MEM,22,46,29,17,816.6,291,111,265,41.9,39,133,29.3,30,48,62.5,31,92,123,30,43,23,12,70,546,0,0,-55,,,,,,,,,,,,,,,,,,,,,,,,,,,2022-23
15,Christian Braun,DEN,22,54,38,16,834.3,237,96,194,49.5,23,62,37.1,22,37,59.5,37,91,128,42,24,26,11,68,541,0,0,-77,,,,,,,,,,,,,,,,,,,,,,,,,,,2022-23
16,Mark Williams,CHA,21,29,10,19,460.6,220,87,138,63.0,0,0,0.0,46,63,73.0,49,113,162,8,22,21,34,61,569,3,0,-54,,,,,,,,,,,,,,,,,,,,,,,,,,,2022-23
17,MarJon Beauchamp,MIL,22,38,25,13,563.2,219,80,201,39.8,38,118,32.2,21,29,72.4,34,56,90,26,36,18,4,58,396,0,0,-62,,,,,,,,,,,,,,,,,,,,,,,,,,,2022-23
18,Dyson Daniels,NOP,20,39,21,18,777.8,176,69,155,44.5,20,60,33.3,18,29,62.1,28,110,138,96,43,34,10,75,575,0,0,-8,,,,,,,,,,,,,,,,,,,,,,,,,,,2022-23
19,Ochai Agbaji,UTA,23,37,21,16,557.2,169,64,130,49.2,31,78,39.7,10,16,62.5,24,38,62,18,11,5,4,52,286,0,0,5,,,,,,,,,,,,,,,,,,,,,,,,,,,2022-23
20,Jake LaRavia,MEM,21,30,20,10,381.4,96,34,86,39.5,21,62,33.9,7,9,77.8,16,43,59,21,18,12,4,47,228,0,0,-65,,,,,,,,,,,,,,,,,,,,,,,,,,,2022-23
21,TyTy Washington Jr.,HOU,21,23,3,20,291.8,95,40,111,36.0,9,50,18.0,6,11,54.5,2,29,31,33,9,9,1,26,203,0,0,-50,,,,,,,,,,,,,,,,,,,,,,,,,,,2022-23
22,Nikola Jovic,MIA,20,15,7,8,204.5,82,28,69,40.6,8,35,22.9,18,19,94.7,9,22,31,10,10,7,2,19,151,0,0,-16,,,,,,,,,,,,,,,,,,,,,,,,,,,2022-23
23,Patrick Baldwin,GSW,20,16,5,11,129.3,80,27,62,43.5,22,49,44.9,4,6,66.7,0,21,21,3,7,6,1,7,124,0,0,-57,,,,,,,,,,,,,,,,,,,,,,,,,,,2022-23
24,Ousmane Dieng,OKC,20,19,8,11,284.4,79,32,77,41.6,13,45,28.9,2,5,40.0,8,41,49,26,12,5,6,22,198,0,0,-25,,,,,,,,,,,,,,,,,,,,,,,,,,,2022-23
25,Blake Wesley,SAS,20,15,2,13,195.9,63,25,66,37.9,7,19,36.8,6,11,54.5,2,18,20,20,20,5,1,28,115,0,0,-68,,,,,,,,,,,,,,,,,,,,,,,,,,,2022-23
26,Wendell Moore Jr.,MIN,21,24,13,11,139.3,36,15,37,40.5,2,16,12.5,4,5,80.0,2,14,16,16,8,6,5,13,104,0,0,-49,,,,,,,,,,,,,,,,,,,,,,,,,,,2022-23
27,Dalen Terry,CHI,20,23,11,12,114.6,35,15,37,40.5,2,12,16.7,3,6,50.0,7,10,17,14,6,4,4,9,94,0,0,-10,,,,,,,,,,,,,,,,,,,,,,,,,,,2022-23
28,Peyton Watson,DEN,20,12,8,4,37.9,19,9,17,52.9,1,2,50.0,0,2,0.0,3,5,8,1,2,0,1,2,31,0,0,-40,,,,,,,,,,,,,,,,,,,,,,,,,,,2022-23
29,Johnny Davis,WAS,21,13,6,7,61.5,16,6,18,33.3,1,4,25.0,3,3,100.0,1,7,8,2,2,1,1,13,33,0,0,-24,,,,,,,,,,,,,,,,,,,,,,,,,,,2022-23
